frame,time_sec,score
0,0.0,18
10,0.16683333333333333,17
20,0.33366666666666667,16
30,0.5005000000000001,15
40,0.6673333333333333,20
50,0.8341666666666667,21
60,1.0010000000000001,23
70,1.1678333333333333,22
80,1.3346666666666667,18
90,1.5015,20
100,1.6683333333333334,17
110,1.8351666666666666,18
120,2.0020000000000002,68
130,2.168833333333333,13
140,2.3356666666666666,13
150,2.5025,18
160,2.6693333333333333,16
170,2.8361666666666667,17
180,3.003,15
190,3.1698333333333335,14
200,3.336666666666667,60
210,3.5035000000000003,64
220,3.6703333333333332,61
230,3.8371666666666666,61
240,4.0040000000000004,13
250,4.170833333333333,13
260,4.337666666666666,13
270,4.5045,61
280,4.671333333333333,66
290,4.838166666666667,15
300,5.005,67
310,5.171833333333334,18
320,5.338666666666667,67
330,5.5055000000000005,13
340,5.6723333333333334,65
350,5.839166666666666,13
360,6.006,65
370,6.172833333333333,13
380,6.339666666666667,14
390,6.5065,12
400,6.673333333333334,65
410,6.840166666666667,66
420,7.007000000000001,16
430,7.1738333333333335,66
440,7.3406666666666665,67
450,7.5075,16
460,7.674333333333333,16
470,7.841166666666667,19
480,8.008000000000001,65
490,8.174833333333334,22
500,8.341666666666667,68
510,8.5085,17
520,8.675333333333333,13
530,8.842166666666667,19
540,9.009,16
550,9.175833333333333,65
560,9.342666666666666,17
570,9.509500000000001,18
580,9.676333333333334,17
590,9.843166666666667,17
600,10.01,69
610,10.176833333333333,18
620,10.343666666666667,19
630,10.5105,66
640,10.677333333333333,16
650,10.844166666666666,19
660,11.011000000000001,68
670,11.177833333333334,70
680,11.344666666666667,14
690,11.5115,13
700,11.678333333333333,9
710,11.845166666666668,10
720,12.012,14
730,12.178833333333333,14
740,12.345666666666666,14
750,12.512500000000001,16
760,12.679333333333334,20
770,12.846166666666667,16
780,13.013,18
790,13.179833333333333,14
800,13.346666666666668,67
810,13.5135,18
820,13.680333333333333,12
830,13.847166666666666,15
840,14.014000000000001,15
850,14.180833333333334,64
860,14.347666666666667,14
870,14.5145,15
880,14.681333333333333,16
890,14.848166666666668,14
900,15.015,12
910,15.181833333333334,14
920,15.348666666666666,15
930,15.5155,11
940,15.682333333333334,13
950,15.849166666666667,65
960,16.016000000000002,67
970,16.182833333333335,66
980,16.349666666666668,17
990,16.5165,18
1000,16.683333333333334,17
1010,16.850166666666667,18
1020,17.017,67
1030,17.183833333333332,16
1040,17.350666666666665,14
1050,17.517500000000002,13
1060,17.684333333333335,13
1070,17.851166666666668,15
1080,18.018,17
1090,18.184833333333334,18
1100,18.351666666666667,18
1110,18.5185,22
1120,18.685333333333332,18
1130,18.852166666666665,18
1140,19.019000000000002,16
1150,19.185833333333335,15
1160,19.352666666666668,17
1170,19.5195,18
1180,19.686333333333334,64
1190,19.853166666666667,16
1200,20.02,18
1210,20.186833333333333,14
1220,20.353666666666665,15
1230,20.520500000000002,16
1240,20.687333333333335,17
1250,20.854166666666668,16
1260,21.021,16
1270,21.187833333333334,66
1280,21.354666666666667,16
1290,21.5215,13
1300,21.688333333333333,14
1310,21.855166666666666,11
1320,22.022000000000002,62
1330,22.188833333333335,63
1340,22.355666666666668,64
1350,22.5225,16
1360,22.689333333333334,10
1370,22.856166666666667,61
1380,23.023,11
1390,23.189833333333333,13
1400,23.356666666666666,13
1410,23.523500000000002,18
1420,23.690333333333335,18
1430,23.857166666666668,21
1440,24.024,19
1450,24.190833333333334,19
1460,24.357666666666667,18
1470,24.5245,70
1480,24.691333333333333,21
1490,24.858166666666666,12
1500,25.025000000000002,65
1510,25.191833333333335,13
1520,25.358666666666668,14
1530,25.5255,65
1540,25.692333333333334,14
1550,25.859166666666667,15
1560,26.026,14
1570,26.192833333333333,17
1580,26.359666666666666,15
1590,26.526500000000002,11
1600,26.693333333333335,15
1610,26.860166666666668,67
1620,27.027,17
1630,27.193833333333334,15
1640,27.360666666666667,15
1650,27.5275,17
1660,27.694333333333333,58
1670,27.861166666666666,64
1680,28.028000000000002,12
1690,28.194833333333335,65
1700,28.361666666666668,66
1710,28.5285,64
1720,28.695333333333334,67
1730,28.862166666666667,14
1740,29.029,17
1750,29.195833333333333,17
1760,29.362666666666666,17
1770,29.529500000000002,18
1780,29.696333333333335,19
1790,29.863166666666668,16
1800,30.03,16
1810,30.196833333333334,20
1820,30.363666666666667,19
1830,30.5305,19
1840,30.697333333333333,70
1850,30.864166666666666,20
1860,31.031,20
1870,31.197833333333335,13
1880,31.36466666666667,15
1890,31.5315,14
1900,31.698333333333334,15
1910,31.865166666666667,15
1920,32.032000000000004,16
1930,32.19883333333333,20
1940,32.36566666666667,17
1950,32.5325,21
1960,32.699333333333335,15
1970,32.866166666666665,19
1980,33.033,17
1990,33.19983333333333,18
2000,33.36666666666667,17
2010,33.533500000000004,16
2020,33.70033333333333,65
2030,33.86716666666667,14
2040,34.034,14
2050,34.200833333333335,15
2060,34.367666666666665,14
2070,34.5345,17
2080,34.70133333333333,18
2090,34.86816666666667,16
2100,35.035000000000004,15
2110,35.20183333333333,15
2120,35.36866666666667,11
2130,35.5355,14
2140,35.702333333333335,17
2150,35.869166666666665,14
2160,36.036,64
2170,36.20283333333333,13
2180,36.36966666666667,19
2190,36.536500000000004,12
2200,36.70333333333333,14
2210,36.87016666666667,14
2220,37.037,16
2230,37.203833333333336,14
2240,37.370666666666665,14
2250,37.5375,61
2260,37.70433333333333,12
2270,37.87116666666667,11
2280,38.038000000000004,14
2290,38.20483333333333,12
2300,38.37166666666667,9
2310,38.5385,10
2320,38.705333333333336,11
2330,38.872166666666665,13
2340,39.039,16
2350,39.20583333333333,12
2360,39.37266666666667,13
2370,39.539500000000004,15
2380,39.70633333333333,16
2390,39.87316666666667,65
2400,40.04,65
2410,40.206833333333336,18
2420,40.373666666666665,15
2430,40.5405,66
2440,40.70733333333333,67
2450,40.87416666666667,14
2460,41.041000000000004,15
2470,41.20783333333333,16
2480,41.37466666666667,17
2490,41.5415,21
2500,41.708333333333336,69
2510,41.875166666666665,16
2520,42.042,17
2530,42.20883333333333,17
2540,42.37566666666667,18
2550,42.542500000000004,16
2560,42.70933333333333,68
2570,42.87616666666667,18
2580,43.043,18
2590,43.209833333333336,19
2600,43.376666666666665,19
2610,43.5435,18
2620,43.71033333333333,22
2630,43.87716666666667,20
2640,44.044000000000004,18
2650,44.21083333333333,14
2660,44.37766666666667,14
2670,44.5445,17
2680,44.711333333333336,20
2690,44.878166666666665,19
2700,45.045,18
2710,45.21183333333333,16
2720,45.37866666666667,64
2730,45.545500000000004,18
2740,45.71233333333333,15
2750,45.87916666666667,16
2760,46.046,67
2770,46.212833333333336,15
2780,46.379666666666665,14
2790,46.5465,12
2800,46.71333333333333,13
2810,46.88016666666667,12
2820,47.047000000000004,13
2830,47.21383333333333,61
2840,47.38066666666667,14
2850,47.5475,19
2860,47.714333333333336,17
2870,47.881166666666665,15
2880,48.048,66
2890,48.21483333333333,15
2900,48.38166666666667,14
2910,48.548500000000004,16
2920,48.715333333333334,16
2930,48.88216666666667,16
2940,49.049,15
2950,49.215833333333336,15
2960,49.382666666666665,10
2970,49.5495,12
2980,49.71633333333333,11
2990,49.88316666666667,14
3000,50.050000000000004,67
3010,50.216833333333334,70
3020,50.38366666666667,15
3030,50.5505,12
3040,50.717333333333336,18
3050,50.884166666666665,12
3060,51.051,68
3070,51.21783333333333,20
3080,51.38466666666667,71
3090,51.551500000000004,22
3100,51.718333333333334,70
3110,51.88516666666667,22
3120,52.052,63
3130,52.218833333333336,64
3140,52.385666666666665,14
3150,52.5525,14
3160,52.71933333333333,13
3170,52.88616666666667,12
3180,53.053000000000004,64
3190,53.219833333333334,12
3200,53.38666666666667,10
3210,53.5535,12
3220,53.720333333333336,63
3230,53.887166666666666,11
3240,54.054,10
3250,54.22083333333333,9
3260,54.38766666666667,9
3270,54.554500000000004,12
3280,54.721333333333334,62
3290,54.88816666666667,60
3300,55.055,12
3310,55.221833333333336,11
3320,55.388666666666666,11
3330,55.5555,12
3340,55.72233333333333,12
3350,55.88916666666667,14
3360,56.056000000000004,13
3370,56.222833333333334,63
3380,56.38966666666667,12
3390,56.5565,13
3400,56.723333333333336,14
3410,56.890166666666666,15
3420,57.057,68
3430,57.22383333333333,19
3440,57.39066666666667,19
3450,57.557500000000005,17
3460,57.724333333333334,14
3470,57.89116666666667,17
3480,58.058,12
3490,58.224833333333336,19
3500,58.391666666666666,17
3510,58.5585,15
3520,58.72533333333333,15
3530,58.89216666666667,16
3540,59.059000000000005,65
3550,59.225833333333334,20
3560,59.39266666666667,17
3570,59.5595,16
3580,59.726333333333336,16
3590,59.893166666666666,13
3600,60.06,12
3610,60.22683333333333,11
3620,60.39366666666667,17
3630,60.5605,14
3640,60.727333333333334,18
3650,60.89416666666667,18
3660,61.061,15
3670,61.227833333333336,14
3680,61.394666666666666,20
3690,61.5615,19
3700,61.72833333333333,18
3710,61.89516666666667,19
3720,62.062,16
3730,62.228833333333334,69
3740,62.39566666666667,16
3750,62.5625,14
3760,62.72933333333334,17
3770,62.896166666666666,15
3780,63.063,17
3790,63.22983333333333,15
3800,63.39666666666667,15
3810,63.5635,13
3820,63.730333333333334,12
3830,63.89716666666667,11
3840,64.06400000000001,13
3850,64.23083333333334,11
3860,64.39766666666667,16
3870,64.5645,14
3880,64.73133333333334,15
3890,64.89816666666667,13
3900,65.065,14
3910,65.23183333333334,14
3920,65.39866666666667,13
3930,65.5655,15
3940,65.73233333333333,64
3950,65.89916666666667,62
3960,66.066,61
3970,66.23283333333333,63
3980,66.39966666666666,63
3990,66.5665,13
4000,66.73333333333333,12
4010,66.90016666666666,7
4020,67.06700000000001,11
4030,67.23383333333334,12
4040,67.40066666666667,13
4050,67.5675,12
4060,67.73433333333334,10
4070,67.90116666666667,15
4080,68.068,10
4090,68.23483333333334,11
4100,68.40166666666667,8
4110,68.5685,6
4120,68.73533333333333,6
4130,68.90216666666667,13
4140,69.069,9
4150,69.23583333333333,10
4160,69.40266666666666,7
4170,69.5695,13
4180,69.73633333333333,10
4190,69.90316666666666,62
4200,70.07000000000001,60
4210,70.23683333333334,61
4220,70.40366666666667,68
4230,70.5705,15
4240,70.73733333333334,15
4250,70.90416666666667,67
4260,71.071,15
4270,71.23783333333334,15
4280,71.40466666666667,14
4290,71.5715,14
4300,71.73833333333333,15
4310,71.90516666666667,14
4320,72.072,16
4330,72.23883333333333,19
4340,72.40566666666666,12
4350,72.5725,19
4360,72.73933333333333,15
4370,72.90616666666666,18
4380,73.07300000000001,16
4390,73.23983333333334,16
4400,73.40666666666667,16
4410,73.5735,14
4420,73.74033333333334,18
4430,73.90716666666667,16
4440,74.074,20
4450,74.24083333333334,22
4460,74.40766666666667,17
4470,74.5745,13
4480,74.74133333333333,16
4490,74.90816666666667,64
4500,75.075,10
4510,75.24183333333333,13
4520,75.40866666666666,11
4530,75.5755,13
4540,75.74233333333333,14
4550,75.90916666666666,18
4560,76.07600000000001,60
4570,76.24283333333334,11
4580,76.40966666666667,9
4590,76.5765,13
4600,76.74333333333334,15
4610,76.91016666666667,10
4620,77.077,14
4630,77.24383333333334,64
4640,77.41066666666667,17
4650,77.5775,15
4660,77.74433333333333,70
4670,77.91116666666667,68
4680,78.078,17
4690,78.24483333333333,19
4700,78.41166666666666,68
4710,78.5785,63
4720,78.74533333333333,15
4730,78.91216666666666,3
4740,79.07900000000001,11
4750,79.24583333333334,62
4760,79.41266666666667,13
4770,79.5795,63
4780,79.74633333333334,16
4790,79.91316666666667,65
4800,80.08,13
4810,80.24683333333333,14
4820,80.41366666666667,65
4830,80.5805,69
4840,80.74733333333333,65
4850,80.91416666666667,15
4860,81.081,65
4870,81.24783333333333,12
4880,81.41466666666666,64
4890,81.5815,65
4900,81.74833333333333,64
4910,81.91516666666666,15
4920,82.08200000000001,62
4930,82.24883333333334,60
4940,82.41566666666667,13
4950,82.5825,61
4960,82.74933333333334,60
4970,82.91616666666667,11
4980,83.083,10
4990,83.24983333333333,65
5000,83.41666666666667,62
5010,83.5835,11
5020,83.75033333333333,13
5030,83.91716666666667,65
5040,84.084,62
5050,84.25083333333333,62
5060,84.41766666666666,59
5070,84.5845,60
5080,84.75133333333333,60
5090,84.91816666666666,58
5100,85.08500000000001,60
5110,85.25183333333334,60
5120,85.41866666666667,9
5130,85.5855,10
5140,85.75233333333334,11
5150,85.91916666666667,60
5160,86.086,61
5170,86.25283333333333,9
5180,86.41966666666667,9
5190,86.5865,14
5200,86.75333333333333,13
5210,86.92016666666667,13
5220,87.087,64
5230,87.25383333333333,16
5240,87.42066666666666,17
5250,87.5875,66
5260,87.75433333333334,69
5270,87.92116666666666,67
5280,88.08800000000001,18
5290,88.25483333333334,20
5300,88.42166666666667,16
5310,88.5885,66
5320,88.75533333333334,16
5330,88.92216666666667,16
5340,89.089,15
5350,89.25583333333333,16
5360,89.42266666666667,63
5370,89.5895,16
5380,89.75633333333333,69
5390,89.92316666666667,14
5400,90.09,13
5410,90.25683333333333,61
5420,90.42366666666666,11
5430,90.5905,61
5440,90.75733333333334,62
5450,90.92416666666666,12
5460,91.09100000000001,61
5470,91.25783333333334,11
5480,91.42466666666667,10
5490,91.5915,11
5500,91.75833333333334,12
5510,91.92516666666667,9
5520,92.092,11
5530,92.25883333333333,65
5540,92.42566666666667,13
5550,92.5925,60
5560,92.75933333333333,62
5570,92.92616666666667,16
5580,93.093,12
5590,93.25983333333333,64
5600,93.42666666666666,16
5610,93.5935,21
5620,93.76033333333334,16
5630,93.92716666666666,67
5640,94.09400000000001,15
5650,94.26083333333334,16
5660,94.42766666666667,14
5670,94.5945,68
5680,94.76133333333334,21
5690,94.92816666666667,18
5700,95.095,17
5710,95.26183333333333,20
5720,95.42866666666667,69
5730,95.5955,10
5740,95.76233333333333,15
5750,95.92916666666667,15
5760,96.096,12
5770,96.26283333333333,16
5780,96.42966666666666,14
5790,96.5965,62
5800,96.76333333333334,12
5810,96.93016666666666,64
5820,97.09700000000001,69
5830,97.26383333333334,18
5840,97.43066666666667,75
5850,97.5975,74
5860,97.76433333333334,18
5870,97.93116666666667,69
5880,98.098,69
5890,98.26483333333333,72
5900,98.43166666666667,71
5910,98.5985,70
5920,98.76533333333333,72
5930,98.93216666666667,70
5940,99.099,70
5950,99.26583333333333,67
5960,99.43266666666666,66
5970,99.5995,72
5980,99.76633333333334,17
5990,99.93316666666666,20
6000,100.10000000000001,16
6010,100.26683333333334,66
6020,100.43366666666667,17
6030,100.6005,14
6040,100.76733333333334,18
6050,100.93416666666667,67
6060,101.101,69
6070,101.26783333333333,16
6080,101.43466666666667,17
6090,101.6015,63
6100,101.76833333333333,16
6110,101.93516666666667,17
6120,102.102,11
6130,102.26883333333333,63
6140,102.43566666666666,63
6150,102.6025,65
6160,102.76933333333334,67
6170,102.93616666666667,17
6180,103.10300000000001,16
6190,103.26983333333334,17
6200,103.43666666666667,14
6210,103.6035,18
6220,103.77033333333334,17
6230,103.93716666666667,16
6240,104.104,11
6250,104.27083333333333,65
6260,104.43766666666667,65
6270,104.6045,67
6280,104.77133333333333,20
6290,104.93816666666667,20
6300,105.105,65
6310,105.27183333333333,66
6320,105.43866666666666,68
6330,105.6055,66
6340,105.77233333333334,69
6350,105.93916666666667,12
6360,106.10600000000001,17
6370,106.27283333333334,67
6380,106.43966666666667,64
6390,106.6065,62
6400,106.77333333333334,60
6410,106.94016666666667,63
6420,107.107,60
6430,107.27383333333333,7
6440,107.44066666666667,8
6450,107.6075,10
6460,107.77433333333333,16
6470,107.94116666666667,63
6480,108.108,61
6490,108.27483333333333,64
6500,108.44166666666666,64
6510,108.6085,19
6520,108.77533333333334,15
6530,108.94216666666667,64
6540,109.10900000000001,66
6550,109.27583333333334,16
6560,109.44266666666667,68
6570,109.6095,11
6580,109.77633333333334,65
6590,109.94316666666667,63
6600,110.11,12
6610,110.27683333333333,66
6620,110.44366666666667,64
6630,110.6105,12
6640,110.77733333333333,12
6650,110.94416666666667,14
6660,111.111,12
6670,111.27783333333333,13
6680,111.44466666666666,13
6690,111.6115,62
6700,111.77833333333334,62
6710,111.94516666666667,69
6720,112.11200000000001,65
6730,112.27883333333334,14
6740,112.44566666666667,68
6750,112.6125,66
6760,112.77933333333334,14
6770,112.94616666666667,15
6780,113.113,65
6790,113.27983333333333,16
6800,113.44666666666667,17
6810,113.6135,67
6820,113.78033333333333,64
6830,113.94716666666667,67
6840,114.114,66
6850,114.28083333333333,68
6860,114.44766666666666,66
6870,114.6145,69
6880,114.78133333333334,19
6890,114.94816666666667,19
6900,115.11500000000001,73
6910,115.28183333333334,75
6920,115.44866666666667,73
6930,115.6155,69
6940,115.78233333333334,71
6950,115.94916666666667,72
6960,116.116,18
6970,116.28283333333333,70
6980,116.44966666666667,19
6990,116.6165,18
7000,116.78333333333333,66
7010,116.95016666666668,12
7020,117.117,14
7030,117.28383333333333,13
7040,117.45066666666666,70
7050,117.6175,17
7060,117.78433333333334,14
7070,117.95116666666667,13
7080,118.11800000000001,13
7090,118.28483333333334,16
7100,118.45166666666667,18
7110,118.6185,16
7120,118.78533333333334,13
7130,118.95216666666667,15
7140,119.119,13
7150,119.28583333333333,14
7160,119.45266666666667,19
7170,119.6195,65
7180,119.78633333333333,63
7190,119.95316666666668,12
7200,120.12,65
7210,120.28683333333333,11
7220,120.45366666666666,13
7230,120.6205,65
7240,120.78733333333334,18
7250,120.95416666666667,17
7260,121.121,65
7270,121.28783333333334,63
7280,121.45466666666667,64
7290,121.6215,64
7300,121.78833333333334,62
7310,121.95516666666667,60
7320,122.122,62
7330,122.28883333333333,65
7340,122.45566666666667,63
7350,122.6225,68
7360,122.78933333333333,67
7370,122.95616666666668,65
7380,123.123,15
7390,123.28983333333333,68
7400,123.45666666666666,68
7410,123.6235,66
7420,123.79033333333334,15
7430,123.95716666666667,19
7440,124.124,67
7450,124.29083333333334,17
7460,124.45766666666667,66
7470,124.6245,18
7480,124.79133333333334,18
7490,124.95816666666667,16
7500,125.125,8
7510,125.29183333333333,60
7520,125.45866666666667,11
7530,125.6255,13
7540,125.79233333333333,14
7550,125.95916666666668,16
7560,126.126,61
7570,126.29283333333333,15
7580,126.45966666666666,13
7590,126.62650000000001,61
7600,126.79333333333334,66
7610,126.96016666666667,15
7620,127.127,10
7630,127.29383333333334,11
7640,127.46066666666667,14
7650,127.6275,13
7660,127.79433333333334,15
7670,127.96116666666667,12
7680,128.12800000000001,13
7690,128.29483333333334,12
7700,128.46166666666667,13
7710,128.6285,13
7720,128.79533333333333,15
7730,128.96216666666666,14
7740,129.129,61
7750,129.29583333333335,11
7760,129.46266666666668,11
7770,129.6295,11
7780,129.79633333333334,12
7790,129.96316666666667,62
7800,130.13,11
7810,130.29683333333332,11
7820,130.46366666666668,13
7830,130.6305,14
7840,130.79733333333334,10
7850,130.96416666666667,11
7860,131.131,10
7870,131.29783333333333,10
7880,131.46466666666666,15
7890,131.6315,14
7900,131.79833333333335,15
7910,131.96516666666668,14
7920,132.132,63
7930,132.29883333333333,61
7940,132.46566666666666,62
7950,132.6325,64
7960,132.79933333333332,13
7970,132.96616666666668,12
7980,133.133,11
7990,133.29983333333334,11
8000,133.46666666666667,62
8010,133.6335,61
8020,133.80033333333333,58
8030,133.96716666666666,61
8040,134.13400000000001,8
8050,134.30083333333334,4
8060,134.46766666666667,3
8070,134.6345,0
8080,134.80133333333333,1
8090,134.96816666666666,1
8100,135.135,4
8110,135.30183333333335,3
8120,135.46866666666668,1
8130,135.6355,2
8140,135.80233333333334,1
8150,135.96916666666667,0
8160,136.136,0
8170,136.30283333333333,1
8180,136.46966666666668,1
8190,136.6365,8
8200,136.80333333333334,10
8210,136.97016666666667,14
8220,137.137,13
8230,137.30383333333333,9
8240,137.47066666666666,7
8250,137.6375,59
8260,137.80433333333335,8
8270,137.97116666666668,56
8280,138.138,7
8290,138.30483333333333,58
8300,138.47166666666666,61
8310,138.6385,11
8320,138.80533333333332,11
8330,138.97216666666668,60
8340,139.139,11
8350,139.30583333333334,11
8360,139.47266666666667,13
8370,139.6395,5
8380,139.80633333333333,10
8390,139.97316666666666,9
8400,140.14000000000001,7
8410,140.30683333333334,11
8420,140.47366666666667,10
8430,140.6405,8
8440,140.80733333333333,56
8450,140.97416666666666,58
8460,141.141,58
8470,141.30783333333335,59
8480,141.47466666666668,58
8490,141.6415,56
8500,141.80833333333334,55
8510,141.97516666666667,55
8520,142.142,54
8530,142.30883333333333,53
8540,142.47566666666668,53
8550,142.6425,4
8560,142.80933333333334,4
8570,142.97616666666667,4
8580,143.143,3
8590,143.30983333333333,4
8600,143.47666666666666,3
8610,143.6435,3
8620,143.81033333333335,2
8630,143.97716666666668,1
8640,144.144,1
8650,144.31083333333333,1
8660,144.47766666666666,12
8670,144.6445,15
8680,144.81133333333332,13
8690,144.97816666666668,9
8700,145.145,62
8710,145.31183333333334,11
8720,145.47866666666667,63
8730,145.6455,65
8740,145.81233333333333,65
8750,145.97916666666666,13
8760,146.14600000000002,62
8770,146.31283333333334,63
8780,146.47966666666667,62
8790,146.6465,12
8800,146.81333333333333,13
8810,146.98016666666666,15
8820,147.147,63
8830,147.31383333333335,65
8840,147.48066666666668,14
8850,147.6475,14
8860,147.81433333333334,62
8870,147.98116666666667,13
8880,148.148,15
8890,148.31483333333333,15
8900,148.48166666666668,16
8910,148.6485,63
8920,148.81533333333334,13
8930,148.98216666666667,12
8940,149.149,11
8950,149.31583333333333,65
8960,149.48266666666666,15
8970,149.6495,12
8980,149.81633333333335,10
8990,149.98316666666668,15
9000,150.15,14
9010,150.31683333333334,63
9020,150.48366666666666,66
9030,150.6505,15
9040,150.81733333333332,12
9050,150.98416666666668,64
9060,151.151,12
9070,151.31783333333334,13
9080,151.48466666666667,11
9090,151.6515,12
9100,151.81833333333333,12
9110,151.98516666666666,10
9120,152.15200000000002,11
9130,152.31883333333334,14
9140,152.48566666666667,15
9150,152.6525,14
9160,152.81933333333333,11
9170,152.98616666666666,13
9180,153.153,15
9190,153.31983333333335,13
9200,153.48666666666668,12
9210,153.6535,61
9220,153.82033333333334,64
9230,153.98716666666667,13
9240,154.154,14
9250,154.32083333333333,5
9260,154.48766666666668,10
9270,154.6545,12
9280,154.82133333333334,13
9290,154.98816666666667,13
9300,155.155,66
9310,155.32183333333333,63
9320,155.48866666666666,65
9330,155.6555,14
9340,155.82233333333335,16
9350,155.98916666666668,15
9360,156.156,67
9370,156.32283333333334,67
9380,156.48966666666666,66
9390,156.6565,16
9400,156.82333333333332,15
9410,156.99016666666668,15
9420,157.157,16
9430,157.32383333333334,15
9440,157.49066666666667,16
9450,157.6575,17
9460,157.82433333333333,15
9470,157.99116666666666,14
9480,158.15800000000002,13
9490,158.32483333333334,11
9500,158.49166666666667,15
9510,158.6585,15
9520,158.82533333333333,15
9530,158.99216666666666,14
9540,159.159,16
9550,159.32583333333335,15
9560,159.49266666666668,63
9570,159.6595,15
9580,159.82633333333334,12
9590,159.99316666666667,14
9600,160.16,14
9610,160.32683333333333,13
9620,160.49366666666666,13
9630,160.6605,13
9640,160.82733333333334,11
9650,160.99416666666667,62
9660,161.161,59
9670,161.32783333333333,64
9680,161.49466666666666,15
9690,161.6615,14
9700,161.82833333333335,16
9710,161.99516666666668,13
9720,162.162,9
9730,162.32883333333334,12
9740,162.49566666666666,11
9750,162.6625,8
9760,162.82933333333332,8
9770,162.99616666666668,7
9780,163.163,13
9790,163.32983333333334,61
9800,163.49666666666667,60
9810,163.6635,12
9820,163.83033333333333,10
9830,163.99716666666666,64
9840,164.16400000000002,60
9850,164.33083333333335,58
9860,164.49766666666667,60
9870,164.6645,63
9880,164.83133333333333,63
9890,164.99816666666666,64
9900,165.165,62
9910,165.33183333333335,66
9920,165.49866666666668,69
9930,165.6655,66
9940,165.83233333333334,18
9950,165.99916666666667,16
9960,166.166,14
9970,166.33283333333333,15
9980,166.49966666666666,14
9990,166.6665,62
10000,166.83333333333334,14
10010,167.00016666666667,15
10020,167.167,16
10030,167.33383333333333,16
10040,167.50066666666666,62
10050,167.6675,67
10060,167.83433333333335,65
10070,168.00116666666668,66
10080,168.168,17
10090,168.33483333333334,14
10100,168.50166666666667,68
10110,168.6685,19
10120,168.83533333333332,18
10130,169.00216666666668,67
10140,169.169,70
10150,169.33583333333334,63
10160,169.50266666666667,65
10170,169.6695,17
10180,169.83633333333333,69
10190,170.00316666666666,17
10200,170.17000000000002,18
10210,170.33683333333335,15
10220,170.50366666666667,15
10230,170.6705,7
10240,170.83733333333333,18
10250,171.00416666666666,15
10260,171.171,14
10270,171.33783333333335,14
10280,171.50466666666668,18
10290,171.6715,19
10300,171.83833333333334,13
10310,172.00516666666667,14
10320,172.172,16
10330,172.33883333333333,14
10340,172.50566666666666,14
10350,172.6725,15
10360,172.83933333333334,10
10370,173.00616666666667,13
10380,173.173,64
10390,173.33983333333333,11
10400,173.50666666666666,12
10410,173.6735,61
10420,173.84033333333335,12
10430,174.00716666666668,11
10440,174.174,61
10450,174.34083333333334,12
10460,174.50766666666667,62
10470,174.6745,11
10480,174.84133333333332,13
10490,175.00816666666668,15
10500,175.175,62
10510,175.34183333333334,14
10520,175.50866666666667,17
10530,175.6755,11
10540,175.84233333333333,16
10550,176.00916666666666,12
10560,176.17600000000002,13
10570,176.34283333333335,13
10580,176.50966666666667,61
10590,176.6765,11
10600,176.84333333333333,13
10610,177.01016666666666,10
10620,177.177,13
10630,177.34383333333335,13
10640,177.51066666666668,13
10650,177.6775,10
10660,177.84433333333334,12
10670,178.01116666666667,12
10680,178.178,62
10690,178.34483333333333,14
10700,178.51166666666666,15
10710,178.6785,14
10720,178.84533333333334,65
10730,179.01216666666667,62
10740,179.179,62
10750,179.34583333333333,65
10760,179.51266666666666,17
10770,179.6795,64
10780,179.84633333333335,66
10790,180.01316666666668,15
10800,180.18,66
10810,180.34683333333334,66
10820,180.51366666666667,14
10830,180.6805,21
10840,180.84733333333332,68
10850,181.01416666666668,64
10860,181.181,18
10870,181.34783333333334,19
10880,181.51466666666667,65
10890,181.6815,13
10900,181.84833333333333,67
10910,182.01516666666666,18
10920,182.18200000000002,71
10930,182.34883333333335,21
10940,182.51566666666668,18
10950,182.6825,17
10960,182.84933333333333,64
10970,183.01616666666666,63
10980,183.183,63
10990,183.34983333333335,12
11000,183.51666666666668,63
11010,183.6835,66
11020,183.85033333333334,16
11030,184.01716666666667,17
11040,184.184,17
11050,184.35083333333333,20
11060,184.51766666666666,71
11070,184.6845,15
11080,184.85133333333334,14
11090,185.01816666666667,20
11100,185.185,16
11110,185.35183333333333,16
11120,185.51866666666666,16
11130,185.6855,15
11140,185.85233333333335,18
11150,186.01916666666668,67
11160,186.186,21
11170,186.35283333333334,19
11180,186.51966666666667,17
11190,186.6865,19
11200,186.85333333333332,70
11210,187.02016666666668,66
11220,187.187,14
11230,187.35383333333334,14
11240,187.52066666666667,16
11250,187.6875,21
11260,187.85433333333333,17
11270,188.02116666666666,16
11280,188.18800000000002,16
11290,188.35483333333335,19
11300,188.52166666666668,12
11310,188.6885,16
11320,188.85533333333333,65
11330,189.02216666666666,69
11340,189.189,19
11350,189.35583333333335,23
11360,189.52266666666668,19
11370,189.6895,20
11380,189.85633333333334,19
11390,190.02316666666667,18
11400,190.19,16
11410,190.35683333333333,14
11420,190.52366666666666,14
11430,190.69050000000001,16
11440,190.85733333333334,11
11450,191.02416666666667,15
11460,191.191,18
11470,191.35783333333333,69
11480,191.52466666666666,64
11490,191.6915,16
11500,191.85833333333335,14
11510,192.02516666666668,15
11520,192.192,18
11530,192.35883333333334,19
11540,192.52566666666667,18
11550,192.6925,22
11560,192.85933333333332,20
11570,193.02616666666668,21
11580,193.193,64
11590,193.35983333333334,17
11600,193.52666666666667,13
11610,193.6935,15
11620,193.86033333333333,15
11630,194.02716666666666,13
11640,194.19400000000002,16
11650,194.36083333333335,20
11660,194.52766666666668,19
11670,194.6945,18
11680,194.86133333333333,15
11690,195.02816666666666,63
11700,195.195,65
11710,195.36183333333335,62
11720,195.52866666666668,65
11730,195.6955,18
11740,195.86233333333334,17
11750,196.02916666666667,22
11760,196.196,21
11770,196.36283333333333,20
11780,196.52966666666666,20
11790,196.69650000000001,21
11800,196.86333333333334,20
11810,197.03016666666667,19
11820,197.197,18
11830,197.36383333333333,19
11840,197.53066666666666,69
11850,197.6975,20
11860,197.86433333333335,18
11870,198.03116666666668,17
11880,198.198,14
11890,198.36483333333334,15
11900,198.53166666666667,11
11910,198.6985,64
11920,198.86533333333333,12
11930,199.03216666666668,64
11940,199.199,13
11950,199.36583333333334,11
11960,199.53266666666667,15
11970,199.6995,17
11980,199.86633333333333,17
11990,200.03316666666666,8
12000,200.20000000000002,13
12010,200.36683333333335,12
12020,200.53366666666668,15
12030,200.7005,13
12040,200.86733333333333,14
12050,201.03416666666666,12
12060,201.201,14
12070,201.36783333333332,14
12080,201.53466666666668,15
12090,201.7015,13
12100,201.86833333333334,19
12110,202.03516666666667,16
12120,202.202,65
12130,202.36883333333333,67
12140,202.53566666666666,14
12150,202.70250000000001,14
12160,202.86933333333334,14
12170,203.03616666666667,14
12180,203.203,14
12190,203.36983333333333,8
12200,203.53666666666666,11
12210,203.7035,12
12220,203.87033333333335,16
12230,204.03716666666668,16
12240,204.204,64
12250,204.37083333333334,17
12260,204.53766666666667,14
12270,204.7045,12
12280,204.87133333333333,17
12290,205.03816666666668,16
12300,205.205,14
12310,205.37183333333334,14
12320,205.53866666666667,13
12330,205.7055,18
12340,205.87233333333333,14
12350,206.03916666666666,14
12360,206.20600000000002,14
12370,206.37283333333335,15
12380,206.53966666666668,17
12390,206.7065,11
12400,206.87333333333333,18
12410,207.04016666666666,13
12420,207.207,17
12430,207.37383333333332,17
12440,207.54066666666668,18
12450,207.7075,13
12460,207.87433333333334,16
12470,208.04116666666667,16
12480,208.208,15
12490,208.37483333333333,13
12500,208.54166666666666,15
12510,208.70850000000002,66
12520,208.87533333333334,12
12530,209.04216666666667,12
12540,209.209,65
12550,209.37583333333333,17
12560,209.54266666666666,13
12570,209.7095,16
12580,209.87633333333335,15
12590,210.04316666666668,12
12600,210.21,14
12610,210.37683333333334,13
12620,210.54366666666667,15
12630,210.7105,65
12640,210.87733333333333,14
12650,211.04416666666668,57
12660,211.211,2
12670,211.37783333333334,65
12680,211.54466666666667,68
12690,211.7115,17
12700,211.87833333333333,17
12710,212.04516666666666,15
12720,212.21200000000002,16
12730,212.37883333333335,61
12740,212.54566666666668,15
12750,212.7125,17
12760,212.87933333333334,16
12770,213.04616666666666,14
12780,213.213,15
12790,213.37983333333332,18
12800,213.54666666666668,14
12810,213.7135,65
12820,213.88033333333334,67
12830,214.04716666666667,19
12840,214.214,17
12850,214.38083333333333,20
12860,214.54766666666666,21
12870,214.71450000000002,19
12880,214.88133333333334,19
12890,215.04816666666667,21
12900,215.215,20
12910,215.38183333333333,20
12920,215.54866666666666,22
12930,215.7155,22
12940,215.88233333333335,25
12950,216.04916666666668,21
12960,216.216,19
12970,216.38283333333334,20
12980,216.54966666666667,16
12990,216.7165,21
13000,216.88333333333333,15
13010,217.05016666666668,16
13020,217.217,15
13030,217.38383333333334,18
13040,217.55066666666667,18
13050,217.7175,18
13060,217.88433333333333,66
13070,218.05116666666666,13
13080,218.21800000000002,13
13090,218.38483333333335,18
13100,218.55166666666668,17
13110,218.7185,64
13120,218.88533333333334,14
13130,219.05216666666666,65
13140,219.219,63
13150,219.38583333333332,17
13160,219.55266666666668,16
13170,219.7195,10
13180,219.88633333333334,66
13190,220.05316666666667,17
13200,220.22,15
13210,220.38683333333333,17
13220,220.55366666666666,19
13230,220.72050000000002,70
13240,220.88733333333334,16
13250,221.05416666666667,19
13260,221.221,16
13270,221.38783333333333,19
13280,221.55466666666666,18
13290,221.7215,20
13300,221.88833333333335,66
13310,222.05516666666668,21
13320,222.222,16
13330,222.38883333333334,23
13340,222.55566666666667,18
13350,222.7225,22
13360,222.88933333333333,65
13370,223.05616666666668,17
13380,223.223,17
13390,223.38983333333334,18
13400,223.55666666666667,20
13410,223.7235,18
13420,223.89033333333333,17
13430,224.05716666666666,19
13440,224.22400000000002,14
13450,224.39083333333335,12
13460,224.55766666666668,15
13470,224.7245,15
13480,224.89133333333334,15
13490,225.05816666666666,61
13500,225.225,13
13510,225.39183333333332,14
13520,225.55866666666668,13
13530,225.7255,14
13540,225.89233333333334,14
13550,226.05916666666667,18
13560,226.226,17
13570,226.39283333333333,14
13580,226.55966666666666,15
13590,226.72650000000002,4
13600,226.89333333333335,11
13610,227.06016666666667,67
13620,227.227,63
13630,227.39383333333333,58
13640,227.56066666666666,55
13650,227.7275,4
13660,227.89433333333335,4
13670,228.06116666666668,7
13680,228.228,57
13690,228.39483333333334,6
13700,228.56166666666667,8
13710,228.7285,55
13720,228.89533333333333,5
13730,229.06216666666668,56
13740,229.229,8
13750,229.39583333333334,10
13760,229.56266666666667,7
13770,229.7295,60
13780,229.89633333333333,9
13790,230.06316666666666,8
13800,230.23000000000002,7
13810,230.39683333333335,11
13820,230.56366666666668,11
13830,230.7305,9
13840,230.89733333333334,11
13850,231.06416666666667,12
13860,231.231,6
13870,231.39783333333332,9
13880,231.56466666666668,12
13890,231.7315,15
13900,231.89833333333334,17
13910,232.06516666666667,68
13920,232.232,15
13930,232.39883333333333,68
13940,232.56566666666666,20
13950,232.73250000000002,16
13960,232.89933333333335,18
13970,233.06616666666667,14
13980,233.233,62
13990,233.39983333333333,67
14000,233.56666666666666,17
14010,233.7335,68
14020,233.90033333333335,66
14030,234.06716666666668,64
14040,234.234,13
14050,234.40083333333334,64
14060,234.56766666666667,64
14070,234.7345,15
14080,234.90133333333333,68
14090,235.06816666666668,17
14100,235.235,12
14110,235.40183333333334,14
14120,235.56866666666667,16
14130,235.7355,13
14140,235.90233333333333,10
14150,236.06916666666666,12
14160,236.23600000000002,14
14170,236.40283333333335,63
14180,236.56966666666668,16
14190,236.7365,65
14200,236.90333333333334,14
14210,237.07016666666667,14
14220,237.237,12
14230,237.40383333333332,15
14240,237.57066666666668,13
14250,237.7375,15
14260,237.90433333333334,15
14270,238.07116666666667,14
14280,238.238,13
14290,238.40483333333333,12
14300,238.57166666666666,11
14310,238.73850000000002,11
14320,238.90533333333335,12
14330,239.07216666666667,11
14340,239.239,13
14350,239.40583333333333,13
14360,239.57266666666666,18
14370,239.7395,64
14380,239.90633333333335,64
14390,240.07316666666668,66
14400,240.24,69
14410,240.40683333333334,64
14420,240.57366666666667,66
14430,240.7405,68
14440,240.90733333333333,66
14450,241.07416666666668,64
14460,241.241,63
14470,241.40783333333334,63
14480,241.57466666666667,65
14490,241.7415,64
14500,241.90833333333333,12
14510,242.07516666666666,65
14520,242.242,66
14530,242.40883333333335,14
14540,242.57566666666668,17
14550,242.7425,69
14560,242.90933333333334,67
14570,243.07616666666667,66
14580,243.243,62
14590,243.40983333333332,14
14600,243.57666666666668,17
14610,243.7435,64
14620,243.91033333333334,17
14630,244.07716666666667,18
14640,244.244,13
14650,244.41083333333333,15
14660,244.57766666666666,17
14670,244.74450000000002,19
14680,244.91133333333335,16
14690,245.07816666666668,17
14700,245.245,18
14710,245.41183333333333,21
14720,245.57866666666666,20
14730,245.7455,20
14740,245.91233333333335,18
14750,246.07916666666668,66
14760,246.246,14
14770,246.41283333333334,16
14780,246.57966666666667,16
14790,246.7465,66
14800,246.91333333333333,64
14810,247.08016666666668,15
14820,247.247,14
14830,247.41383333333334,14
14840,247.58066666666667,65
14850,247.7475,15
14860,247.91433333333333,12
14870,248.08116666666666,11
14880,248.248,9
14890,248.41483333333335,62
14900,248.58166666666668,15
14910,248.7485,16
14920,248.91533333333334,13
14930,249.08216666666667,13
14940,249.249,66
14950,249.41583333333332,16
14960,249.58266666666668,14
14970,249.7495,17
14980,249.91633333333334,16
14990,250.08316666666667,14
15000,250.25,14
15010,250.41683333333333,59
15020,250.58366666666666,63
15030,250.75050000000002,14
15040,250.91733333333335,13
15050,251.08416666666668,20
15060,251.251,65
15070,251.41783333333333,20
15080,251.58466666666666,18
15090,251.7515,21
15100,251.91833333333335,70
15110,252.08516666666668,20
15120,252.252,19
15130,252.41883333333334,20
15140,252.58566666666667,19
15150,252.7525,20
15160,252.91933333333333,24
15170,253.08616666666668,18
15180,253.25300000000001,18
15190,253.41983333333334,65
15200,253.58666666666667,15
15210,253.7535,18
15220,253.92033333333333,22
15230,254.08716666666666,26
15240,254.254,18
15250,254.42083333333335,21
15260,254.58766666666668,23
15270,254.7545,23
15280,254.92133333333334,21
15290,255.08816666666667,14
15300,255.255,14
15310,255.42183333333332,12
15320,255.58866666666668,12
15330,255.7555,15
15340,255.92233333333334,10
15350,256.0891666666667,62
15360,256.25600000000003,61
15370,256.42283333333336,17
15380,256.5896666666667,17
15390,256.7565,14
15400,256.92333333333335,21
15410,257.0901666666667,61
15420,257.257,64
15430,257.42383333333333,63
15440,257.59066666666666,65
15450,257.7575,11
15460,257.9243333333333,12
15470,258.09116666666665,15
15480,258.258,65
15490,258.4248333333333,68
15500,258.5916666666667,15
15510,258.7585,19
15520,258.92533333333336,17
15530,259.0921666666667,67
15540,259.259,68
15550,259.42583333333334,68
15560,259.5926666666667,17
15570,259.7595,68
15580,259.92633333333333,19
15590,260.09316666666666,16
15600,260.26,18
15610,260.4268333333333,17
15620,260.59366666666665,18
15630,260.7605,15
15640,260.92733333333337,15
15650,261.0941666666667,16
15660,261.261,16
15670,261.42783333333335,19
15680,261.5946666666667,71
15690,261.7615,21
15700,261.92833333333334,18
15710,262.09516666666667,19
15720,262.262,21
15730,262.42883333333333,17
15740,262.59566666666666,18
15750,262.7625,19
15760,262.9293333333333,20
15770,263.09616666666665,70
15780,263.263,19
15790,263.42983333333336,18
15800,263.5966666666667,17
15810,263.7635,17
15820,263.93033333333335,18
15830,264.0971666666667,18
15840,264.264,14
15850,264.43083333333334,11
15860,264.59766666666667,11
15870,264.7645,16
15880,264.9313333333333,12
15890,265.09816666666666,61
15900,265.265,58
15910,265.4318333333333,7
15920,265.59866666666665,60
15930,265.76550000000003,60
15940,265.93233333333336,9
15950,266.0991666666667,61
15960,266.266,61
15970,266.43283333333335,14
15980,266.5996666666667,16
15990,266.7665,61
16000,266.93333333333334,3
16010,267.10016666666667,4
16020,267.267,4
16030,267.4338333333333,6
16040,267.60066666666665,4
16050,267.7675,6
16060,267.9343333333333,12
16070,268.1011666666667,16
16080,268.26800000000003,65
16090,268.43483333333336,14
16100,268.6016666666667,13
16110,268.7685,13
16120,268.93533333333335,15
16130,269.1021666666667,13
16140,269.269,14
16150,269.43583333333333,64
16160,269.60266666666666,13
16170,269.7695,15
16180,269.9363333333333,15
16190,270.10316666666665,66
16200,270.27,15
16210,270.4368333333333,14
16220,270.6036666666667,16
16230,270.7705,15
16240,270.93733333333336,17
16250,271.1041666666667,13
16260,271.271,14
16270,271.43783333333334,15
16280,271.6046666666667,15
16290,271.7715,15
16300,271.93833333333333,17
16310,272.10516666666666,13
16320,272.272,17
16330,272.4388333333333,13
16340,272.60566666666665,13
16350,272.7725,15
16360,272.93933333333337,15
16370,273.1061666666667,17
16380,273.273,11
16390,273.43983333333335,63
16400,273.6066666666667,63
16410,273.7735,17
16420,273.94033333333334,65
16430,274.10716666666667,16
16440,274.274,16
16450,274.44083333333333,64
16460,274.60766666666666,13
16470,274.7745,61
16480,274.9413333333333,13
16490,275.10816666666665,13
16500,275.275,12
16510,275.44183333333336,19
16520,275.6086666666667,18
16530,275.7755,19
16540,275.94233333333335,21
16550,276.1091666666667,68
16560,276.276,15
16570,276.44283333333334,22
16580,276.60966666666667,19
16590,276.7765,26
16600,276.9433333333333,21
16610,277.11016666666666,15
16620,277.277,18
16630,277.4438333333333,19
16640,277.61066666666665,16
16650,277.77750000000003,69
16660,277.94433333333336,16
16670,278.1111666666667,14
16680,278.278,18
16690,278.44483333333335,64
16700,278.6116666666667,16
16710,278.7785,19
16720,278.94533333333334,16
16730,279.11216666666667,66
16740,279.279,21
16750,279.4458333333333,18
16760,279.61266666666666,15
16770,279.7795,14
16780,279.9463333333333,14
16790,280.11316666666664,13
16800,280.28000000000003,10
16810,280.44683333333336,10
16820,280.6136666666667,11
16830,280.7805,14
16840,280.94733333333335,14
16850,281.1141666666667,14
16860,281.281,11
16870,281.44783333333334,15
16880,281.61466666666666,13
16890,281.7815,16
16900,281.9483333333333,16
16910,282.11516666666665,65
16920,282.282,15
16930,282.4488333333333,12
16940,282.6156666666667,18
16950,282.7825,19
16960,282.94933333333336,14
16970,283.1161666666667,16
16980,283.283,14
16990,283.44983333333334,67
17000,283.6166666666667,16
17010,283.7835,63
17020,283.95033333333333,15
17030,284.11716666666666,15
17040,284.284,15
17050,284.4508333333333,11
17060,284.61766666666665,16
17070,284.7845,15
17080,284.95133333333337,15
17090,285.1181666666667,71
17100,285.285,68
17110,285.45183333333335,19
17120,285.6186666666667,17
17130,285.7855,16
17140,285.95233333333334,15
17150,286.1191666666667,66
17160,286.286,12
17170,286.45283333333333,15
17180,286.61966666666666,13
17190,286.7865,14
17200,286.9533333333333,67
17210,287.12016666666665,14
17220,287.287,16
17230,287.45383333333336,18
17240,287.6206666666667,19
17250,287.7875,19
17260,287.95433333333335,16
17270,288.1211666666667,20
17280,288.288,16
17290,288.45483333333334,14
17300,288.62166666666667,64
17310,288.7885,66
17320,288.95533333333333,63
17330,289.12216666666666,14
17340,289.289,17
17350,289.4558333333333,17
17360,289.62266666666665,15
17370,289.78950000000003,18
17380,289.95633333333336,11
17390,290.1231666666667,65
17400,290.29,12
17410,290.45683333333335,14
17420,290.6236666666667,10
17430,290.7905,10
17440,290.95733333333334,62
17450,291.12416666666667,13
17460,291.291,11
17470,291.4578333333333,62
17480,291.62466666666666,64
17490,291.7915,14
17500,291.9583333333333,65
17510,292.12516666666664,15
17520,292.29200000000003,14
17530,292.45883333333336,15
17540,292.6256666666667,15
17550,292.7925,66
17560,292.95933333333335,13
17570,293.1261666666667,12
17580,293.293,16
17590,293.45983333333334,16
17600,293.62666666666667,15
17610,293.7935,15
17620,293.9603333333333,13
17630,294.12716666666665,16
17640,294.294,15
17650,294.4608333333333,15
17660,294.6276666666667,15
17670,294.7945,16
17680,294.96133333333336,66
17690,295.1281666666667,66
17700,295.295,16
17710,295.46183333333335,65
17720,295.6286666666667,14
17730,295.7955,68
17740,295.96233333333333,15
17750,296.12916666666666,11
17760,296.296,11
17770,296.4628333333333,61
17780,296.62966666666665,62
17790,296.7965,10
17800,296.96333333333337,9
17810,297.1301666666667,16
17820,297.297,10
17830,297.46383333333335,12
17840,297.6306666666667,12
17850,297.7975,11
17860,297.96433333333334,12
17870,298.1311666666667,12
17880,298.298,67
17890,298.46483333333333,16
17900,298.63166666666666,67
17910,298.7985,18
17920,298.9653333333333,17
17930,299.13216666666665,21
17940,299.299,17
17950,299.46583333333336,74
17960,299.6326666666667,19
17970,299.7995,22
17980,299.96633333333335,19
17990,300.1331666666667,21
18000,300.3,62
18010,300.46683333333334,21
18020,300.63366666666667,73
18030,300.8005,73
18040,300.96733333333333,70
18050,301.13416666666666,18
18060,301.301,22
18070,301.4678333333333,21
18080,301.63466666666665,21
18090,301.80150000000003,16
18100,301.96833333333336,17
18110,302.1351666666667,14
18120,302.302,17
18130,302.46883333333335,20
18140,302.6356666666667,19
18150,302.8025,17
18160,302.96933333333334,19
18170,303.13616666666667,18
18180,303.303,20
18190,303.4698333333333,20
18200,303.63666666666666,20
18210,303.8035,22
18220,303.9703333333333,21
18230,304.13716666666664,23
18240,304.30400000000003,21
18250,304.47083333333336,18
18260,304.6376666666667,18
18270,304.8045,15
18280,304.97133333333335,15
18290,305.1381666666667,15
18300,305.305,66
18310,305.47183333333334,18
18320,305.63866666666667,19
18330,305.8055,18
18340,305.9723333333333,20
18350,306.13916666666665,23
18360,306.306,20
18370,306.4728333333333,21
18380,306.6396666666667,21
18390,306.8065,19
18400,306.97333333333336,23
18410,307.1401666666667,66
18420,307.307,19
18430,307.47383333333335,19
18440,307.6406666666667,21
18450,307.8075,19
18460,307.97433333333333,21
18470,308.14116666666666,12
18480,308.308,17
18490,308.4748333333333,68
18500,308.64166666666665,16
18510,308.8085,17
18520,308.97533333333337,19
18530,309.1421666666667,15
18540,309.309,16
18550,309.47583333333336,16
18560,309.6426666666667,17
18570,309.8095,15
18580,309.97633333333334,16
18590,310.1431666666667,17
18600,310.31,18
18610,310.47683333333333,13
18620,310.64366666666666,11
18630,310.8105,14
18640,310.9773333333333,13
18650,311.14416666666665,14
18660,311.311,12
18670,311.47783333333336,11
18680,311.6446666666667,11
18690,311.8115,10
18700,311.97833333333335,13
18710,312.1451666666667,9
18720,312.312,13
18730,312.47883333333334,14
18740,312.64566666666667,12
18750,312.8125,13
18760,312.97933333333333,15
18770,313.14616666666666,14
18780,313.313,13
18790,313.4798333333333,17
18800,313.64666666666665,15
18810,313.81350000000003,13
18820,313.98033333333336,16
18830,314.1471666666667,17
18840,314.314,15
18850,314.48083333333335,14
18860,314.6476666666667,13
18870,314.8145,12
18880,314.98133333333334,14
18890,315.14816666666667,10
18900,315.315,7
18910,315.4818333333333,11
18920,315.64866666666666,11
18930,315.8155,9
18940,315.9823333333333,18
18950,316.14916666666664,16
18960,316.31600000000003,13
18970,316.48283333333336,14
18980,316.6496666666667,16
18990,316.8165,13
19000,316.98333333333335,12
19010,317.1501666666667,65
19020,317.317,12
19030,317.48383333333334,61
19040,317.65066666666667,12
19050,317.8175,67
19060,317.9843333333333,14
19070,318.15116666666665,62
19080,318.318,12
19090,318.4848333333333,13
19100,318.6516666666667,13
19110,318.81850000000003,16
19120,318.98533333333336,14
19130,319.1521666666667,11
19140,319.319,14
19150,319.48583333333335,17
19160,319.6526666666667,17
19170,319.8195,17
19180,319.98633333333333,17
19190,320.15316666666666,65
19200,320.32,65
19210,320.4868333333333,16
19220,320.65366666666665,14
19230,320.8205,64
19240,320.9873333333333,14
19250,321.1541666666667,14
19260,321.321,13
19270,321.48783333333336,14
19280,321.6546666666667,13
19290,321.8215,14
19300,321.98833333333334,12
19310,322.1551666666667,14
19320,322.322,13
19330,322.48883333333333,14
19340,322.65566666666666,11
19350,322.8225,5
19360,322.9893333333333,2
19370,323.15616666666665,13
19380,323.323,14
19390,323.48983333333337,12
19400,323.6566666666667,13
19410,323.8235,14
19420,323.99033333333335,18
19430,324.1571666666667,13
19440,324.324,12
19450,324.49083333333334,14
19460,324.65766666666667,15
19470,324.8245,63
19480,324.99133333333333,15
19490,325.15816666666666,18
19500,325.325,14
19510,325.4918333333333,14
19520,325.65866666666665,15
19530,325.82550000000003,13
19540,325.99233333333336,14
19550,326.1591666666667,15
19560,326.326,17
19570,326.49283333333335,18
19580,326.6596666666667,15
19590,326.8265,15
19600,326.99333333333334,18
19610,327.16016666666667,14
19620,327.327,14
19630,327.4938333333333,18
19640,327.66066666666666,16
19650,327.8275,17
19660,327.9943333333333,15
19670,328.16116666666665,18
19680,328.32800000000003,17
19690,328.49483333333336,19
19700,328.6616666666667,20
19710,328.8285,16
19720,328.99533333333335,22
19730,329.1621666666667,18
19740,329.329,19
19750,329.49583333333334,16
19760,329.66266666666667,12
19770,329.8295,16
19780,329.9963333333333,13
19790,330.16316666666665,14
19800,330.33,13
19810,330.4968333333333,18
19820,330.6636666666667,17
19830,330.83050000000003,15
19840,330.99733333333336,20
19850,331.1641666666667,20
19860,331.331,20
19870,331.49783333333335,18
19880,331.6646666666667,19
19890,331.8315,20
19900,331.99833333333333,19
19910,332.16516666666666,14
19920,332.332,17
19930,332.4988333333333,17
19940,332.66566666666665,67
19950,332.8325,20
19960,332.9993333333333,69
19970,333.1661666666667,72
19980,333.333,21
19990,333.49983333333336,23
20000,333.6666666666667,21
20010,333.8335,22
20020,334.00033333333334,22
20030,334.1671666666667,16
20040,334.334,17
20050,334.50083333333333,65
20060,334.66766666666666,13
20070,334.8345,62
20080,335.0013333333333,12
20090,335.16816666666665,66
20100,335.335,9
20110,335.50183333333337,12
20120,335.6686666666667,14
20130,335.8355,15
20140,336.00233333333335,13
20150,336.1691666666667,14
20160,336.336,12
20170,336.50283333333334,67
20180,336.66966666666667,15
20190,336.8365,15
20200,337.00333333333333,65
20210,337.17016666666666,66
20220,337.337,67
20230,337.5038333333333,65
20240,337.67066666666665,18
20250,337.83750000000003,18
20260,338.00433333333336,18
20270,338.1711666666667,69
20280,338.338,16
20290,338.50483333333335,14
20300,338.6716666666667,13
20310,338.8385,12
20320,339.00533333333334,14
20330,339.17216666666667,13
20340,339.339,12
20350,339.5058333333333,15
20360,339.67266666666666,14
20370,339.8395,15
20380,340.0063333333333,63
20390,340.17316666666665,63
20400,340.34000000000003,14
20410,340.50683333333336,61
20420,340.6736666666667,13
20430,340.8405,15
20440,341.00733333333335,13
20450,341.1741666666667,15
20460,341.341,16
20470,341.50783333333334,14
20480,341.67466666666667,11
20490,341.8415,15
20500,342.0083333333333,17
20510,342.17516666666666,17
20520,342.342,12
20530,342.5088333333333,13
20540,342.6756666666667,12
20550,342.84250000000003,11
20560,343.00933333333336,11
20570,343.1761666666667,13
20580,343.343,14
20590,343.50983333333335,14
20600,343.6766666666667,19
20610,343.8435,19
20620,344.01033333333334,15
20630,344.17716666666666,16
20640,344.344,10
20650,344.5108333333333,20
20660,344.67766666666665,18
20670,344.8445,18
20680,345.0113333333333,22
20690,345.1781666666667,19
20700,345.345,19
20710,345.51183333333336,17
20720,345.6786666666667,18
20730,345.8455,19
20740,346.01233333333334,21
20750,346.1791666666667,19
20760,346.346,20
20770,346.51283333333333,20
20780,346.67966666666666,17
20790,346.8465,18
20800,347.0133333333333,17
20810,347.18016666666665,16
20820,347.347,16
20830,347.51383333333337,17
20840,347.6806666666667,17
20850,347.8475,70
20860,348.01433333333335,19
20870,348.1811666666667,21
20880,348.348,21
20890,348.51483333333334,70
20900,348.6816666666667,20
20910,348.8485,19
20920,349.01533333333333,21
20930,349.18216666666666,20
20940,349.349,70
20950,349.5158333333333,67
20960,349.68266666666665,70
20970,349.84950000000003,73
20980,350.01633333333336,22
20990,350.1831666666667,21
21000,350.35,18
21010,350.51683333333335,18
21020,350.6836666666667,19
21030,350.8505,16
21040,351.01733333333334,18
21050,351.18416666666667,18
21060,351.351,20
21070,351.51783333333333,18
21080,351.68466666666666,18
21090,351.8515,18
21100,352.0183333333333,16
21110,352.18516666666665,16
21120,352.35200000000003,16
21130,352.51883333333336,12
21140,352.6856666666667,12
21150,352.8525,14
21160,353.01933333333335,12
21170,353.1861666666667,12
21180,353.353,11
21190,353.51983333333334,11
21200,353.68666666666667,9
21210,353.8535,8
21220,354.0203333333333,10
21230,354.18716666666666,9
21240,354.354,9
21250,354.5208333333333,9
21260,354.6876666666667,60
21270,354.85450000000003,12
21280,355.02133333333336,10
21290,355.1881666666667,12
21300,355.355,11
21310,355.52183333333335,11
21320,355.6886666666667,13
21330,355.8555,13
21340,356.02233333333334,13
21350,356.18916666666667,18
21360,356.356,14
21370,356.5228333333333,14
21380,356.68966666666665,15
21390,356.8565,10
21400,357.0233333333333,14
21410,357.1901666666667,14
21420,357.357,15
21430,357.52383333333336,14
21440,357.6906666666667,16
21450,357.8575,15
21460,358.02433333333335,12
21470,358.1911666666667,16
21480,358.358,14
21490,358.52483333333333,13
21500,358.69166666666666,14
21510,358.8585,15
21520,359.0253333333333,15
21530,359.19216666666665,15
21540,359.359,16
21550,359.52583333333337,19
21560,359.6926666666667,18
21570,359.8595,15
21580,360.02633333333335,14
21590,360.1931666666667,14
21600,360.36,14
21610,360.52683333333334,15
21620,360.6936666666667,14
21630,360.8605,14
21640,361.02733333333333,14
21650,361.19416666666666,12
21660,361.361,13
21670,361.5278333333333,15
21680,361.69466666666665,16
21690,361.8615,13
21700,362.02833333333336,17
21710,362.1951666666667,15
21720,362.362,16
21730,362.52883333333335,61
21740,362.6956666666667,64
21750,362.8625,63
21760,363.02933333333334,64
21770,363.19616666666667,12
21780,363.363,12
21790,363.52983333333333,11
21800,363.69666666666666,12
21810,363.8635,13
21820,364.0303333333333,16
21830,364.19716666666665,17
21840,364.36400000000003,12
21850,364.53083333333336,17
21860,364.6976666666667,19
21870,364.8645,19
21880,365.03133333333335,18
21890,365.1981666666667,20
21900,365.365,19
21910,365.53183333333334,14
21920,365.69866666666667,62
21930,365.8655,13
21940,366.0323333333333,10
21950,366.19916666666666,17
21960,366.366,17
21970,366.5328333333333,67
21980,366.6996666666667,65
21990,366.86650000000003,12
22000,367.03333333333336,13
22010,367.2001666666667,14
22020,367.367,15
22030,367.53383333333335,17
22040,367.7006666666667,15
22050,367.8675,16
22060,368.03433333333334,13
22070,368.20116666666667,12
22080,368.368,15
22090,368.5348333333333,12
22100,368.70166666666665,14
22110,368.8685,15
22120,369.0353333333333,13
22130,369.2021666666667,13
22140,369.369,15
22150,369.53583333333336,13
22160,369.7026666666667,13
22170,369.8695,16
22180,370.03633333333335,15
22190,370.2031666666667,17
22200,370.37,15
22210,370.53683333333333,16
22220,370.70366666666666,14
22230,370.8705,13
22240,371.0373333333333,13
22250,371.20416666666665,15
22260,371.371,63
22270,371.53783333333337,13
22280,371.7046666666667,11
22290,371.8715,11
22300,372.03833333333336,62
22310,372.2051666666667,13
22320,372.372,63
22330,372.53883333333334,12
22340,372.7056666666667,13
22350,372.8725,11
22360,373.03933333333333,10
22370,373.20616666666666,63
22380,373.373,14
22390,373.5398333333333,12
22400,373.70666666666665,14
22410,373.8735,16
22420,374.04033333333336,14
22430,374.2071666666667,14
22440,374.374,10
22450,374.54083333333335,61
22460,374.7076666666667,14
22470,374.8745,15
22480,375.04133333333334,12
22490,375.20816666666667,64
22500,375.375,15
22510,375.54183333333333,11
22520,375.70866666666666,13
22530,375.8755,10
22540,376.0423333333333,13
22550,376.20916666666665,13
22560,376.37600000000003,11
22570,376.54283333333336,14
22580,376.7096666666667,13
22590,376.8765,67
22600,377.04333333333335,66
22610,377.2101666666667,65
22620,377.377,69
22630,377.54383333333334,19
22640,377.71066666666667,67
22650,377.8775,14
22660,378.0443333333333,64
22670,378.21116666666666,64
22680,378.378,65
22690,378.5448333333333,66
22700,378.7116666666667,69
22710,378.87850000000003,68
22720,379.04533333333336,15
22730,379.2121666666667,14
22740,379.379,16
22750,379.54583333333335,12
22760,379.7126666666667,13
22770,379.8795,16
22780,380.04633333333334,68
22790,380.21316666666667,16
22800,380.38,20
22810,380.5468333333333,18
22820,380.71366666666665,65
22830,380.8805,14
22840,381.0473333333333,67
22850,381.2141666666667,15
22860,381.38100000000003,12
22870,381.54783333333336,16
22880,381.7146666666667,13
22890,381.8815,68
22900,382.04833333333335,64
22910,382.2151666666667,64
22920,382.382,65
22930,382.54883333333333,63
22940,382.71566666666666,15
22950,382.8825,68
22960,383.0493333333333,14
22970,383.21616666666665,66
22980,383.383,17
22990,383.54983333333337,17
23000,383.7166666666667,20
23010,383.8835,18
23020,384.05033333333336,70
23030,384.2171666666667,19
23040,384.384,20
23050,384.55083333333334,17
23060,384.7176666666667,22
23070,384.8845,19
23080,385.05133333333333,19
23090,385.21816666666666,15
23100,385.385,20
23110,385.5518333333333,19
23120,385.71866666666665,72
23130,385.8855,70
23140,386.05233333333337,66
23150,386.2191666666667,69
23160,386.386,70
23170,386.55283333333335,68
23180,386.7196666666667,69
23190,386.8865,12
23200,387.05333333333334,15
23210,387.22016666666667,12
23220,387.387,14
23230,387.55383333333333,15
23240,387.72066666666666,14
23250,387.8875,11
23260,388.0543333333333,14
23270,388.22116666666665,12
23280,388.38800000000003,13
23290,388.55483333333336,18
23300,388.7216666666667,14
23310,388.8885,12
23320,389.05533333333335,15
23330,389.2221666666667,14
23340,389.389,13
23350,389.55583333333334,12
23360,389.72266666666667,13
23370,389.8895,12
23380,390.0563333333333,11
23390,390.22316666666666,59
23400,390.39,10
23410,390.5568333333333,13
23420,390.7236666666667,13
23430,390.89050000000003,16
23440,391.05733333333336,63
23450,391.2241666666667,13
23460,391.391,10
23470,391.55783333333335,10
23480,391.7246666666667,12
23490,391.8915,13
23500,392.05833333333334,13
23510,392.22516666666667,13
23520,392.392,14
23530,392.5588333333333,64
23540,392.72566666666665,14
23550,392.8925,15
23560,393.0593333333333,13
23570,393.2261666666667,65
23580,393.39300000000003,72
23590,393.55983333333336,18
23600,393.7266666666667,10
23610,393.8935,11
23620,394.06033333333335,64
23630,394.2271666666667,10
23640,394.394,10
23650,394.56083333333333,12
23660,394.72766666666666,10
23670,394.8945,11
23680,395.0613333333333,13
23690,395.22816666666665,12
23700,395.395,13
23710,395.56183333333337,11
23720,395.7286666666667,11
23730,395.8955,14
23740,396.06233333333336,16
23750,396.2291666666667,16
23760,396.396,14
23770,396.56283333333334,18
23780,396.7296666666667,17
23790,396.8965,17
23800,397.06333333333333,65
23810,397.23016666666666,64
23820,397.397,15
23830,397.5638333333333,63
23840,397.73066666666665,64
23850,397.8975,67
23860,398.06433333333337,13
23870,398.2311666666667,14
23880,398.398,14
23890,398.56483333333335,11
23900,398.7316666666667,13
23910,398.8985,12
23920,399.06533333333334,13
23930,399.23216666666667,12
23940,399.399,13
23950,399.56583333333333,12
23960,399.73266666666666,10
23970,399.8995,9
23980,400.0663333333333,11
23990,400.23316666666665,12
24000,400.40000000000003,14
24010,400.56683333333336,13
24020,400.7336666666667,12
24030,400.9005,14
24040,401.06733333333335,13
24050,401.2341666666667,15
24060,401.401,16
24070,401.56783333333334,66
24080,401.73466666666667,17
24090,401.9015,13
24100,402.0683333333333,14
24110,402.23516666666666,13
24120,402.402,11
24130,402.5688333333333,13
24140,402.73566666666665,9
24150,402.90250000000003,61
24160,403.06933333333336,13
24170,403.2361666666667,10
24180,403.403,0
24190,403.56983333333335,12
24200,403.7366666666667,12
24210,403.9035,11
24220,404.07033333333334,12
24230,404.23716666666667,13
24240,404.404,9
24250,404.5708333333333,14
24260,404.73766666666666,12
24270,404.9045,14
24280,405.0713333333333,14
24290,405.2381666666667,12
24300,405.40500000000003,16
24310,405.57183333333336,14
24320,405.7386666666667,14
24330,405.9055,17
24340,406.07233333333335,16
24350,406.2391666666667,18
24360,406.406,21
24370,406.57283333333334,17
24380,406.73966666666666,18
24390,406.9065,17
24400,407.0733333333333,18
24410,407.24016666666665,17
24420,407.407,16
24430,407.57383333333337,18
24440,407.7406666666667,18
24450,407.9075,19
24460,408.07433333333336,17
24470,408.2411666666667,16
24480,408.408,14
24490,408.57483333333334,15
24500,408.7416666666667,14
24510,408.9085,16
24520,409.07533333333333,13
24530,409.24216666666666,13
24540,409.409,13
24550,409.5758333333333,20
24560,409.74266666666665,17
24570,409.9095,18
24580,410.07633333333337,16
24590,410.2431666666667,15
24600,410.41,15
24610,410.57683333333335,19
24620,410.7436666666667,16
24630,410.9105,16
24640,411.07733333333334,17
24650,411.2441666666667,18
24660,411.411,18
24670,411.57783333333333,18
24680,411.74466666666666,14
24690,411.9115,65
24700,412.0783333333333,65
24710,412.24516666666665,69
24720,412.41200000000003,17
24730,412.57883333333336,20
24740,412.7456666666667,15
24750,412.9125,16
24760,413.07933333333335,13
24770,413.2461666666667,13
24780,413.413,61
24790,413.57983333333334,13
24800,413.74666666666667,63
24810,413.9135,64
24820,414.08033333333333,14
24830,414.24716666666666,17
24840,414.414,15
24850,414.5808333333333,15
24860,414.74766666666665,67
24870,414.91450000000003,67
24880,415.08133333333336,68
24890,415.2481666666667,21
24900,415.415,64
24910,415.58183333333335,69
24920,415.7486666666667,67
24930,415.9155,65
24940,416.08233333333334,67
24950,416.24916666666667,64
24960,416.416,21
24970,416.5828333333333,71
24980,416.74966666666666,69
24990,416.9165,67
25000,417.0833333333333,20
25010,417.2501666666667,69
25020,417.41700000000003,16
25030,417.58383333333336,69
25040,417.7506666666667,21
25050,417.9175,69
25060,418.08433333333335,20
25070,418.2511666666667,19
25080,418.418,65
25090,418.58483333333334,17
25100,418.75166666666667,16
25110,418.9185,64
25120,419.0853333333333,65
25130,419.25216666666665,11
25140,419.419,17
25150,419.58583333333337,17
25160,419.7526666666667,18
25170,419.9195,20
25180,420.08633333333336,17
25190,420.2531666666667,67
25200,420.42,18
25210,420.58683333333335,19
25220,420.7536666666667,19
25230,420.9205,16
25240,421.08733333333333,63
25250,421.25416666666666,14
25260,421.421,14
25270,421.5878333333333,14
25280,421.75466666666665,12
25290,421.9215,12
25300,422.08833333333337,10
25310,422.2551666666667,12
25320,422.422,62
25330,422.58883333333335,14
25340,422.7556666666667,13
25350,422.9225,16
25360,423.08933333333334,64
25370,423.2561666666667,17
25380,423.423,21
25390,423.58983333333333,17
25400,423.75666666666666,12
25410,423.9235,66
25420,424.0903333333333,63
25430,424.25716666666665,8
25440,424.42400000000004,59
25450,424.59083333333336,10
25460,424.7576666666667,9
25470,424.9245,8
25480,425.09133333333335,64
25490,425.2581666666667,12
25500,425.425,14
25510,425.59183333333334,12
25520,425.75866666666667,16
25530,425.9255,15
25540,426.09233333333333,19
25550,426.25916666666666,10
25560,426.426,9
25570,426.5928333333333,10
25580,426.75966666666665,66
25590,426.92650000000003,65
25600,427.09333333333336,15
25610,427.2601666666667,69
25620,427.427,17
25630,427.59383333333335,69
25640,427.7606666666667,67
25650,427.9275,14
25660,428.09433333333334,69
25670,428.26116666666667,11
25680,428.428,64
25690,428.5948333333333,65
25700,428.76166666666666,67
25710,428.9285,64
25720,429.0953333333333,62
25730,429.2621666666667,60
25740,429.42900000000003,10
25750,429.59583333333336,13
25760,429.7626666666667,15
25770,429.9295,13
25780,430.09633333333335,67
25790,430.2631666666667,14
25800,430.43,65
25810,430.59683333333334,13
25820,430.76366666666667,7
25830,430.9305,14
25840,431.0973333333333,18
25850,431.26416666666665,20
25860,431.431,17
25870,431.59783333333337,18
25880,431.7646666666667,18
25890,431.9315,19
25900,432.09833333333336,69
25910,432.2651666666667,18
25920,432.432,22
25930,432.59883333333335,19
25940,432.7656666666667,20
25950,432.9325,23
25960,433.09933333333333,23
25970,433.26616666666666,20
25980,433.433,21
25990,433.5998333333333,19
26000,433.76666666666665,18
26010,433.9335,18
26020,434.10033333333337,69
26030,434.2671666666667,20
26040,434.434,70
26050,434.60083333333336,68
26060,434.7676666666667,18
26070,434.9345,18
26080,435.10133333333334,69
26090,435.2681666666667,16
26100,435.435,16
26110,435.60183333333333,16
26120,435.76866666666666,17
26130,435.9355,17
26140,436.1023333333333,18
26150,436.26916666666665,68
26160,436.43600000000004,68
26170,436.60283333333336,21
26180,436.7696666666667,21
26190,436.9365,22
26200,437.10333333333335,19
26210,437.2701666666667,16
26220,437.437,16
26230,437.60383333333334,21
26240,437.77066666666667,17
26250,437.9375,18
26260,438.10433333333333,18
26270,438.27116666666666,20
26280,438.438,65
26290,438.6048333333333,15
26300,438.77166666666665,17
26310,438.93850000000003,16
26320,439.10533333333336,67
26330,439.2721666666667,67
26340,439.439,19
26350,439.60583333333335,16
26360,439.7726666666667,17
26370,439.9395,15
26380,440.10633333333334,66
26390,440.27316666666667,64
26400,440.44,66
26410,440.6068333333333,64
26420,440.77366666666666,67
26430,440.9405,65
26440,441.1073333333333,64
26450,441.2741666666667,66
26460,441.44100000000003,63
26470,441.60783333333336,17
26480,441.7746666666667,19
26490,441.9415,17
26500,442.10833333333335,18
26510,442.2751666666667,16
26520,442.442,16
26530,442.60883333333334,15
26540,442.77566666666667,17
26550,442.9425,13
26560,443.1093333333333,18
26570,443.27616666666665,18
26580,443.443,12
26590,443.6098333333333,14
26600,443.7766666666667,15
26610,443.94350000000003,14
26620,444.11033333333336,66
26630,444.2771666666667,13
26640,444.444,12
26650,444.61083333333335,13
26660,444.7776666666667,63
26670,444.9445,15
26680,445.11133333333333,14
26690,445.27816666666666,13
26700,445.445,14
26710,445.6118333333333,16
26720,445.77866666666665,17
26730,445.9455,12
26740,446.11233333333337,16
26750,446.2791666666667,12
26760,446.446,16
26770,446.61283333333336,15
26780,446.7796666666667,12
26790,446.9465,13
26800,447.11333333333334,12
26810,447.2801666666667,20
26820,447.447,15
26830,447.61383333333333,69
26840,447.78066666666666,18
26850,447.9475,9
26860,448.1143333333333,12
26870,448.28116666666665,10
26880,448.44800000000004,12
26890,448.61483333333337,10
26900,448.7816666666667,11
26910,448.9485,62
26920,449.11533333333335,12
26930,449.2821666666667,13
26940,449.449,11
26950,449.61583333333334,12
26960,449.78266666666667,60
26970,449.9495,12
26980,450.11633333333333,11
26990,450.28316666666666,10
27000,450.45,9
27010,450.6168333333333,11
27020,450.78366666666665,12
27030,450.95050000000003,10
27040,451.11733333333336,11
27050,451.2841666666667,12
27060,451.451,61
27070,451.61783333333335,61
27080,451.7846666666667,61
27090,451.9515,62
27100,452.11833333333334,14
27110,452.28516666666667,12
27120,452.452,12
27130,452.6188333333333,12
27140,452.78566666666666,12
27150,452.9525,10
27160,453.1193333333333,12
27170,453.2861666666667,15
27180,453.45300000000003,65
27190,453.61983333333336,13
27200,453.7866666666667,12
27210,453.9535,6
27220,454.12033333333335,63
27230,454.2871666666667,15
27240,454.454,14
27250,454.62083333333334,11
27260,454.78766666666667,16
27270,454.9545,20
27280,455.1213333333333,15
27290,455.28816666666665,15
27300,455.455,16
27310,455.6218333333333,15
27320,455.7886666666667,13
27330,455.95550000000003,11
27340,456.12233333333336,9
27350,456.2891666666667,10
27360,456.456,14
27370,456.62283333333335,13
27380,456.7896666666667,11
27390,456.9565,13
27400,457.12333333333333,9
27410,457.29016666666666,10
27420,457.457,10
27430,457.6238333333333,59
27440,457.79066666666665,8
27450,457.9575,58
27460,458.12433333333337,10
27470,458.2911666666667,11
27480,458.458,13
27490,458.62483333333336,12
27500,458.7916666666667,10
27510,458.9585,10
27520,459.12533333333334,14
27530,459.2921666666667,18
27540,459.459,15
27550,459.62583333333333,14
27560,459.79266666666666,13
27570,459.9595,14
27580,460.1263333333333,16
27590,460.29316666666665,14
27600,460.46000000000004,13
27610,460.62683333333337,12
27620,460.7936666666667,15
27630,460.9605,11
27640,461.12733333333335,13
27650,461.2941666666667,12
27660,461.461,14
27670,461.62783333333334,12
27680,461.79466666666667,13
27690,461.9615,12
27700,462.12833333333333,12
27710,462.29516666666666,13
27720,462.462,15
27730,462.6288333333333,15
27740,462.79566666666665,13
27750,462.96250000000003,12
27760,463.12933333333336,10
27770,463.2961666666667,13
27780,463.463,11
27790,463.62983333333335,11
27800,463.7966666666667,11
27810,463.9635,59
27820,464.13033333333334,11
27830,464.29716666666667,13
27840,464.464,11
27850,464.6308333333333,12
27860,464.79766666666666,13
27870,464.9645,66
27880,465.1313333333333,15
27890,465.2981666666667,11
27900,465.46500000000003,9
27910,465.63183333333336,11
27920,465.7986666666667,10
27930,465.9655,13
27940,466.13233333333335,14
27950,466.2991666666667,63
27960,466.466,15
27970,466.63283333333334,65
27980,466.79966666666667,14
27990,466.9665,15
28000,467.1333333333333,15
28010,467.30016666666666,9
28020,467.467,12
28030,467.6338333333333,11
28040,467.8006666666667,13
28050,467.96750000000003,14
28060,468.13433333333336,15
28070,468.3011666666667,11
28080,468.468,13
28090,468.63483333333335,14
28100,468.8016666666667,64
28110,468.9685,16
28120,469.13533333333334,14
28130,469.30216666666666,16
28140,469.469,63
28150,469.6358333333333,12
28160,469.80266666666665,12
28170,469.9695,60
28180,470.13633333333337,62
28190,470.3031666666667,11
28200,470.47,12
28210,470.63683333333336,62
28220,470.8036666666667,14
28230,470.9705,62
28240,471.13733333333334,13
28250,471.3041666666667,15
28260,471.471,63
28270,471.63783333333333,63
28280,471.80466666666666,63
28290,471.9715,16
28300,472.1383333333333,18
28310,472.30516666666665,15
28320,472.47200000000004,14
28330,472.63883333333337,13
28340,472.8056666666667,15
28350,472.9725,14
28360,473.13933333333335,14
28370,473.3061666666667,14
28380,473.473,16
28390,473.63983333333334,68
28400,473.8066666666667,69
28410,473.9735,16
28420,474.14033333333333,67
28430,474.30716666666666,69
28440,474.474,15
28450,474.6408333333333,13
28460,474.80766666666665,22
28470,474.97450000000003,18
28480,475.14133333333336,16
28490,475.3081666666667,15
28500,475.475,17
28510,475.64183333333335,66
28520,475.8086666666667,8
28530,475.9755,18
28540,476.14233333333334,15
28550,476.30916666666667,15
28560,476.476,19
28570,476.64283333333333,17
28580,476.80966666666666,16
28590,476.9765,18
28600,477.1433333333333,17
28610,477.3101666666667,17
28620,477.47700000000003,15
28630,477.64383333333336,19
28640,477.8106666666667,20
28650,477.9775,17
28660,478.14433333333335,14
28670,478.3111666666667,16
28680,478.478,14
28690,478.64483333333334,17
28700,478.81166666666667,14
28710,478.9785,12
28720,479.1453333333333,64
28730,479.31216666666666,13
28740,479.479,15
28750,479.6458333333333,15
28760,479.8126666666667,16
28770,479.97950000000003,19
28780,480.14633333333336,20
28790,480.3131666666667,17
28800,480.48,66
28810,480.64683333333335,16
28820,480.8136666666667,13
28830,480.9805,12
28840,481.14733333333334,13
28850,481.31416666666667,11
28860,481.481,14
28870,481.6478333333333,13
28880,481.81466666666665,14
28890,481.9815,65
28900,482.14833333333337,15
28910,482.3151666666667,17
28920,482.482,15
28930,482.64883333333336,15
28940,482.8156666666667,16
28950,482.9825,15
28960,483.14933333333335,14
28970,483.3161666666667,16
28980,483.483,13
28990,483.64983333333333,15
29000,483.81666666666666,15
29010,483.9835,14
29020,484.1503333333333,14
29030,484.31716666666665,63
29040,484.484,13
29050,484.65083333333337,63
29060,484.8176666666667,15
29070,484.9845,14
29080,485.15133333333335,14
29090,485.3181666666667,13
29100,485.485,10
29110,485.65183333333334,10
29120,485.8186666666667,12
29130,485.9855,15
29140,486.15233333333333,13
29150,486.31916666666666,7
29160,486.486,7
29170,486.6528333333333,16
29180,486.81966666666665,18
29190,486.98650000000004,16
29200,487.15333333333336,16
29210,487.3201666666667,14
29220,487.487,63
29230,487.65383333333335,13
29240,487.8206666666667,13
29250,487.9875,14
29260,488.15433333333334,13
29270,488.32116666666667,12
29280,488.488,12
29290,488.65483333333333,11
29300,488.82166666666666,13
29310,488.9885,14
29320,489.1553333333333,15
29330,489.3221666666667,12
29340,489.48900000000003,12
29350,489.65583333333336,14
29360,489.8226666666667,13
29370,489.9895,13
29380,490.15633333333335,14
29390,490.3231666666667,16
29400,490.49,66
29410,490.65683333333334,11
29420,490.82366666666667,13
29430,490.9905,13
29440,491.1573333333333,16
29450,491.32416666666666,16
29460,491.491,15
29470,491.6578333333333,13
29480,491.8246666666667,13
29490,491.99150000000003,14
29500,492.15833333333336,12
29510,492.3251666666667,63
29520,492.492,9
29530,492.65883333333335,11
29540,492.8256666666667,12
29550,492.9925,15
29560,493.15933333333334,13
29570,493.32616666666667,13
29580,493.493,10
29590,493.6598333333333,11
29600,493.82666666666665,9
29610,493.9935,11
29620,494.16033333333337,12
29630,494.3271666666667,16
29640,494.494,12
29650,494.66083333333336,63
29660,494.8276666666667,12
29670,494.9945,12
29680,495.16133333333335,64
29690,495.3281666666667,14
29700,495.495,14
29710,495.66183333333333,12
29720,495.82866666666666,14
29730,495.9955,15
29740,496.1623333333333,15
29750,496.32916666666665,15
29760,496.496,13
29770,496.66283333333337,12
29780,496.8296666666667,13
29790,496.9965,13
29800,497.16333333333336,12
29810,497.3301666666667,14
29820,497.497,12
29830,497.66383333333334,12
29840,497.8306666666667,11
29850,497.9975,12
29860,498.16433333333333,9
29870,498.33116666666666,13
29880,498.498,12
29890,498.6648333333333,12
29900,498.83166666666665,12
29910,498.99850000000004,63
29920,499.16533333333336,12
29930,499.3321666666667,13
29940,499.499,65
29950,499.66583333333335,66
29960,499.8326666666667,63
29970,499.9995,10
29980,500.16633333333334,12
29990,500.33316666666667,11
30000,500.5,11
30010,500.66683333333333,62
30020,500.83366666666666,12
30030,501.0005,62
30040,501.1673333333333,11
30050,501.3341666666667,12
30060,501.50100000000003,61
30070,501.66783333333336,12
30080,501.8346666666667,14
30090,502.0015,7
30100,502.16833333333335,6
30110,502.3351666666667,16
30120,502.502,11
30130,502.66883333333334,14
30140,502.83566666666667,61
30150,503.0025,12
30160,503.1693333333333,12
30170,503.33616666666666,11
30180,503.503,12
30190,503.6698333333333,13
30200,503.8366666666667,65
30210,504.00350000000003,12
30220,504.17033333333336,13
30230,504.3371666666667,13
30240,504.504,14
30250,504.67083333333335,12
30260,504.8376666666667,15
30270,505.0045,15
30280,505.17133333333334,16
30290,505.33816666666667,13
30300,505.505,12
30310,505.6718333333333,13
30320,505.83866666666665,14
30330,506.0055,14
30340,506.17233333333337,14
30350,506.3391666666667,65
30360,506.50600000000003,14
30370,506.67283333333336,62
30380,506.8396666666667,13
30390,507.0065,18
30400,507.17333333333335,16
30410,507.3401666666667,18
30420,507.507,63
30430,507.67383333333333,15
30440,507.84066666666666,61
30450,508.0075,12
30460,508.1743333333333,12
30470,508.34116666666665,62
30480,508.508,13
30490,508.67483333333337,14
30500,508.8416666666667,13
30510,509.0085,13
30520,509.17533333333336,11
30530,509.3421666666667,64
30540,509.509,13
30550,509.67583333333334,16
30560,509.8426666666667,18
30570,510.0095,18
30580,510.17633333333333,21
30590,510.34316666666666,16
30600,510.51,13
30610,510.6768333333333,9
30620,510.84366666666665,12
30630,511.01050000000004,10
30640,511.17733333333337,11
30650,511.3441666666667,14
30660,511.511,12
30670,511.67783333333335,15
30680,511.8446666666667,64
30690,512.0115,14
30700,512.1783333333334,11
30710,512.3451666666667,13
30720,512.5120000000001,15
30730,512.6788333333334,17
30740,512.8456666666667,13
30750,513.0125,16
30760,513.1793333333334,15
30770,513.3461666666667,16
30780,513.513,20
30790,513.6798333333334,69
30800,513.8466666666667,14
30810,514.0135,19
30820,514.1803333333334,61
30830,514.3471666666667,16
30840,514.514,15
30850,514.6808333333333,13
30860,514.8476666666667,63
30870,515.0145,13
30880,515.1813333333333,14
30890,515.3481666666667,18
30900,515.515,20
30910,515.6818333333333,16
30920,515.8486666666666,62
30930,516.0155,11
30940,516.1823333333333,10
30950,516.3491666666666,18
30960,516.516,16
30970,516.6828333333333,18
30980,516.8496666666666,20
30990,517.0165000000001,15
31000,517.1833333333334,22
31010,517.3501666666667,19
31020,517.517,18
31030,517.6838333333334,18
31040,517.8506666666667,17
31050,518.0175,15
31060,518.1843333333334,67
31070,518.3511666666667,13
31080,518.518,12
31090,518.6848333333334,21
31100,518.8516666666667,68
31110,519.0185,19
31120,519.1853333333333,23
31130,519.3521666666667,14
31140,519.519,16
31150,519.6858333333333,18
31160,519.8526666666667,15
31170,520.0195,14
31180,520.1863333333333,13
31190,520.3531666666667,14
31200,520.52,11
31210,520.6868333333333,13
31220,520.8536666666666,14
31230,521.0205,12
31240,521.1873333333333,11
31250,521.3541666666666,14
31260,521.521,12
31270,521.6878333333333,10
31280,521.8546666666667,64
31290,522.0215000000001,16
31300,522.1883333333334,12
31310,522.3551666666667,10
31320,522.522,11
31330,522.6888333333334,14
31340,522.8556666666667,17
31350,523.0225,15
31360,523.1893333333334,17
31370,523.3561666666667,15
31380,523.523,13
31390,523.6898333333334,12
31400,523.8566666666667,15
31410,524.0235,14
31420,524.1903333333333,14
31430,524.3571666666667,18
31440,524.524,14
31450,524.6908333333333,14
31460,524.8576666666667,69
31470,525.0245,20
31480,525.1913333333333,16
31490,525.3581666666666,18
31500,525.525,15
31510,525.6918333333333,16
31520,525.8586666666666,8
31530,526.0255,12
31540,526.1923333333333,13
31550,526.3591666666666,16
31560,526.526,15
31570,526.6928333333334,16
31580,526.8596666666667,66
31590,527.0265,15
31600,527.1933333333334,18
31610,527.3601666666667,18
31620,527.527,15
31630,527.6938333333334,18
31640,527.8606666666667,20
31650,528.0275,16
31660,528.1943333333334,20
31670,528.3611666666667,17
31680,528.528,15
31690,528.6948333333333,72
31700,528.8616666666667,20
31710,529.0285,22
31720,529.1953333333333,19
31730,529.3621666666667,68
31740,529.529,19
31750,529.6958333333333,18
31760,529.8626666666667,12
31770,530.0295,16
31780,530.1963333333333,13
31790,530.3631666666666,17
31800,530.53,15
31810,530.6968333333333,17
31820,530.8636666666666,16
31830,531.0305,16
31840,531.1973333333333,13
31850,531.3641666666666,14
31860,531.5310000000001,17
31870,531.6978333333334,16
31880,531.8646666666667,12
31890,532.0315,15
31900,532.1983333333334,16
31910,532.3651666666667,13
31920,532.532,15
31930,532.6988333333334,64
31940,532.8656666666667,14
31950,533.0325,16
31960,533.1993333333334,13
31970,533.3661666666667,14
31980,533.533,15
31990,533.6998333333333,14
32000,533.8666666666667,65
32010,534.0335,17
32020,534.2003333333333,15
32030,534.3671666666667,17
32040,534.534,15
32050,534.7008333333333,18
32060,534.8676666666667,67
32070,535.0345,14
32080,535.2013333333333,14
32090,535.3681666666666,64
32100,535.535,18
32110,535.7018333333333,15
32120,535.8686666666666,13
32130,536.0355,15
32140,536.2023333333334,16
32150,536.3691666666667,14
32160,536.5360000000001,18
32170,536.7028333333334,20
32180,536.8696666666667,66
32190,537.0365,16
32200,537.2033333333334,12
32210,537.3701666666667,12
32220,537.537,11
32230,537.7038333333334,12
32240,537.8706666666667,10
32250,538.0375,14
32260,538.2043333333334,14
32270,538.3711666666667,11
32280,538.538,16
32290,538.7048333333333,13
32300,538.8716666666667,12
32310,539.0385,11
32320,539.2053333333333,10
32330,539.3721666666667,8
32340,539.539,11
32350,539.7058333333333,9
32360,539.8726666666666,13
32370,540.0395,13
32380,540.2063333333333,14
32390,540.3731666666666,15
32400,540.54,15
32410,540.7068333333333,18
32420,540.8736666666666,65
32430,541.0405000000001,15
32440,541.2073333333334,62
32450,541.3741666666667,11
32460,541.541,62
32470,541.7078333333334,10
32480,541.8746666666667,9
32490,542.0415,14
32500,542.2083333333334,59
32510,542.3751666666667,13
32520,542.542,7
32530,542.7088333333334,14
32540,542.8756666666667,65
32550,543.0425,17
32560,543.2093333333333,15
32570,543.3761666666667,16
32580,543.543,13
32590,543.7098333333333,12
32600,543.8766666666667,10
32610,544.0435,13
32620,544.2103333333333,15
32630,544.3771666666667,15
32640,544.544,14
32650,544.7108333333333,11
32660,544.8776666666666,12
32670,545.0445,13
32680,545.2113333333333,13
32690,545.3781666666666,14
32700,545.545,14
32710,545.7118333333333,13
32720,545.8786666666667,16
32730,546.0455000000001,20
32740,546.2123333333334,68
32750,546.3791666666667,22
32760,546.546,16
32770,546.7128333333334,17
32780,546.8796666666667,17
32790,547.0465,17
32800,547.2133333333334,19
32810,547.3801666666667,17
32820,547.547,15
32830,547.7138333333334,16
32840,547.8806666666667,20
32850,548.0475,19
32860,548.2143333333333,17
32870,548.3811666666667,19
32880,548.548,17
32890,548.7148333333333,21
32900,548.8816666666667,67
32910,549.0485,67
32920,549.2153333333333,13
32930,549.3821666666666,13
32940,549.549,12
32950,549.7158333333333,12
32960,549.8826666666666,67
32970,550.0495,67
32980,550.2163333333333,18
32990,550.3831666666666,19
33000,550.55,16
33010,550.7168333333334,63
33020,550.8836666666667,65
33030,551.0505,14
33040,551.2173333333334,13
33050,551.3841666666667,18
33060,551.551,15
33070,551.7178333333334,14
33080,551.8846666666667,13
33090,552.0515,11
33100,552.2183333333334,13
33110,552.3851666666667,17
33120,552.552,17
33130,552.7188333333334,15
33140,552.8856666666667,15
33150,553.0525,66
33160,553.2193333333333,65
33170,553.3861666666667,12
33180,553.553,12
33190,553.7198333333333,15
33200,553.8866666666667,14
33210,554.0535,14
33220,554.2203333333333,16
33230,554.3871666666666,17
33240,554.554,19
33250,554.7208333333333,14
33260,554.8876666666666,16
33270,555.0545,16
33280,555.2213333333333,16
33290,555.3881666666666,16
33300,555.5550000000001,65
33310,555.7218333333334,12
33320,555.8886666666667,14
33330,556.0555,14
33340,556.2223333333334,13
33350,556.3891666666667,16
33360,556.556,15
33370,556.7228333333334,16
33380,556.8896666666667,14
33390,557.0565,16
33400,557.2233333333334,15
33410,557.3901666666667,16
33420,557.557,15
33430,557.7238333333333,16
33440,557.8906666666667,22
33450,558.0575,19
33460,558.2243333333333,17
33470,558.3911666666667,14
33480,558.558,12
33490,558.7248333333333,15
33500,558.8916666666667,14
33510,559.0585,14
33520,559.2253333333333,18
33530,559.3921666666666,14
33540,559.559,66
33550,559.7258333333333,14
33560,559.8926666666666,13
33570,560.0595,15
33580,560.2263333333333,13
33590,560.3931666666667,11
33600,560.5600000000001,7
33610,560.7268333333334,15
33620,560.8936666666667,15
33630,561.0605,16
33640,561.2273333333334,17
33650,561.3941666666667,17
33660,561.561,14
33670,561.7278333333334,64
33680,561.8946666666667,19
33690,562.0615,68
33700,562.2283333333334,67
33710,562.3951666666667,17
33720,562.562,65
33730,562.7288333333333,18
33740,562.8956666666667,12
33750,563.0625,17
33760,563.2293333333333,17
33770,563.3961666666667,19
33780,563.563,20
33790,563.7298333333333,19
33800,563.8966666666666,18
33810,564.0635,20
33820,564.2303333333333,17
33830,564.3971666666666,18
33840,564.564,66
33850,564.7308333333333,67
33860,564.8976666666666,18
33870,565.0645000000001,16
33880,565.2313333333334,17
33890,565.3981666666667,18
33900,565.565,12
33910,565.7318333333334,11
33920,565.8986666666667,13
33930,566.0655,12
33940,566.2323333333334,65
33950,566.3991666666667,14
33960,566.566,16
33970,566.7328333333334,17
33980,566.8996666666667,18
33990,567.0665,16
34000,567.2333333333333,14
34010,567.4001666666667,15
34020,567.567,17
34030,567.7338333333333,16
34040,567.9006666666667,16
34050,568.0675,15
34060,568.2343333333333,14
34070,568.4011666666667,12
34080,568.568,14
34090,568.7348333333333,16
34100,568.9016666666666,15
34110,569.0685,16
34120,569.2353333333333,15
34130,569.4021666666666,16
34140,569.569,68
34150,569.7358333333333,18
34160,569.9026666666667,19
34170,570.0695000000001,17
34180,570.2363333333334,17
34190,570.4031666666667,18
34200,570.57,16
34210,570.7368333333334,17
34220,570.9036666666667,17
34230,571.0705,17
34240,571.2373333333334,22
34250,571.4041666666667,16
34260,571.571,19
34270,571.7378333333334,19
34280,571.9046666666667,69
34290,572.0715,19
34300,572.2383333333333,19
34310,572.4051666666667,70
34320,572.572,24
34330,572.7388333333333,22
34340,572.9056666666667,24
34350,573.0725,26
34360,573.2393333333333,21
34370,573.4061666666666,23
34380,573.573,16
34390,573.7398333333333,16
34400,573.9066666666666,17
34410,574.0735,65
34420,574.2403333333333,17
34430,574.4071666666666,16
34440,574.574,14
34450,574.7408333333334,17
34460,574.9076666666667,22
34470,575.0745000000001,20
34480,575.2413333333334,16
34490,575.4081666666667,19
34500,575.575,20
34510,575.7418333333334,19
34520,575.9086666666667,21
34530,576.0755,20
34540,576.2423333333334,20
34550,576.4091666666667,20
34560,576.576,24
34570,576.7428333333334,19
34580,576.9096666666667,20
34590,577.0765,19
34600,577.2433333333333,21
34610,577.4101666666667,19
34620,577.577,19
34630,577.7438333333333,21
34640,577.9106666666667,23
34650,578.0775,21
34660,578.2443333333333,22
34670,578.4111666666666,18
34680,578.578,22
34690,578.7448333333333,20
34700,578.9116666666666,11
34710,579.0785,10
34720,579.2453333333333,64
34730,579.4121666666666,61
34740,579.5790000000001,14
34750,579.7458333333334,11
34760,579.9126666666667,61
34770,580.0795,64
34780,580.2463333333334,14
34790,580.4131666666667,11
34800,580.58,12
34810,580.7468333333334,14
34820,580.9136666666667,63
34830,581.0805,67
34840,581.2473333333334,16
34850,581.4141666666667,14
34860,581.581,67
34870,581.7478333333333,63
34880,581.9146666666667,14
34890,582.0815,15
34900,582.2483333333333,16
34910,582.4151666666667,50
34920,582.582,50
34930,582.7488333333333,50
34940,582.9156666666667,0
34950,583.0825,0
34960,583.2493333333333,0
34970,583.4161666666666,0
34980,583.583,0
34990,583.7498333333333,0
35000,583.9166666666666,0
35010,584.0835,0
35020,584.2503333333333,0
35030,584.4171666666667,0
35040,584.5840000000001,50
35050,584.7508333333334,50
35060,584.9176666666667,50
35070,585.0845,50
35080,585.2513333333334,50
35090,585.4181666666667,50
35100,585.585,50
35110,585.7518333333334,50
35120,585.9186666666667,50
35130,586.0855,50
35140,586.2523333333334,50
35150,586.4191666666667,50
35160,586.586,50
35170,586.7528333333333,50
35180,586.9196666666667,50
35190,587.0865,50
35200,587.2533333333333,50
35210,587.4201666666667,50
35220,587.587,50
35230,587.7538333333333,50
35240,587.9206666666666,50
35250,588.0875,50
35260,588.2543333333333,50
35270,588.4211666666666,50
35280,588.588,50
35290,588.7548333333333,50
35300,588.9216666666666,50
35310,589.0885000000001,50
35320,589.2553333333334,50
35330,589.4221666666667,50
35340,589.589,50
35350,589.7558333333334,50
35360,589.9226666666667,50
35370,590.0895,50
35380,590.2563333333334,50
35390,590.4231666666667,50
35400,590.59,50
35410,590.7568333333334,50
35420,590.9236666666667,50
35430,591.0905,50
35440,591.2573333333333,50
35450,591.4241666666667,50
35460,591.591,50
35470,591.7578333333333,50
35480,591.9246666666667,50
35490,592.0915,50
35500,592.2583333333333,50
35510,592.4251666666667,50
